rank,term,p_value,z_score,combined_score,overlap_genes,adjusted_p_value,old_p_value,old_adjusted_p_value,neg_log10_adj_p,overlap_count
1,Cellular Response To Lipid (GO:0071396),4.635150859722679e-09,19.777146675576343,379.5154763043041,"['HSPA8', 'XBP1', 'INSIG1', 'SERPINE1', 'NRIP1', 'SPP1', 'TLR4', 'CXCL2', 'HSPA1A']",4.579529049406007e-06,0,0,5.339179181769204,9
2,Mitotic Cell Cycle Phase Transition (GO:0044772),1.098946877974054e-08,31.06484794275492,569.3046052935714,"['CCNA2', 'CDKN1A', 'MELK', 'CCND1', 'MYC', 'PLK1', 'CDC25B']",5.428797577191827e-06,0,0,5.265296351519407,7
3,Regulation Of Transcription By RNA Polymerase II (GO:0006357),8.915406320793731e-07,5.020522388059701,69.93745744397904,"['EGR1', 'CD40', 'XBP1', 'PLK1', 'JADE2', 'IKZF1', 'NFKBIA', 'CCNA2', 'FOSL1', 'DNAJB1', 'CCND1', 'ID2', 'MYC', 'DNAJA3', 'NRIP1', 'E2F2', 'TLR4', 'HSPA1A']",0.00025418840980671897,0,0,3.5948442557951563,18
4,Regulation Of Apoptotic Process (GO:0042981),1.0291028737114128e-06,7.825907042045371,107.89439623346992,"['EGR1', 'XBP1', 'MELK', 'SRC', 'MYC', 'DNAJA3', 'PLK1', 'KIF14', 'DUSP6', 'HSPA1A', 'IER3']",0.00025418840980671897,0,0,3.5948442557951563,11
5,Regulation Of G2/M Transition Of Mitotic Cell Cycle (GO:0010389),1.7088008382944347e-06,55.873772791023846,741.9879852387336,"['CDKN1A', 'CCND1', 'KIF14', 'CDC25B']",0.00029198133593641743,0,0,3.5346449086847493,4
6,Cellular Response To Organic Cyclic Compound (GO:0071407),2.1046659143065444e-06,18.496886674968867,241.77935018540649,"['HSPA8', 'EGR1', 'INSIG1', 'NRIP1', 'SPP1', 'HSPA1A']",0.00029198133593641743,0,0,3.5346449086847493,6
7,G2/M Transition Of Mitotic Cell Cycle (GO:0000086),2.395747292225211e-06,50.93606138107417,659.2051012520457,"['CCNA2', 'MELK', 'PLK1', 'CDC25B']",0.00029198133593641743,0,0,3.5346449086847493,4
8,Negative Regulation Of Apoptotic Process (GO:0043066),2.6504214905940406e-06,9.038983138245758,116.06770126298237,"['XBP1', 'SRC', 'MYC', 'DNAJA3', 'PLK1', 'KIF14', 'SFN', 'HSPA1A', 'IER3']",0.00029198133593641743,0,0,3.5346449086847493,9
9,Positive Regulation Of Cell Population Proliferation (GO:0008284),2.6957017769760525e-06,9.019450447669033,115.66409755293789,"['CCNA2', 'FOSL1', 'XBP1', 'CDKN1A', 'ID2', 'MYC', 'KIF14', 'HMOX1', 'CDC25B']",0.00029198133593641743,0,0,3.5346449086847493,9
10,Cell Cycle G2/M Phase Transition (GO:0044839),2.9552766795183953e-06,48.10144927536232,612.4237213484249,"['CCNA2', 'MELK', 'PLK1', 'CDC25B']",0.00029198133593641743,0,0,3.5346449086847493,4
11,Negative Regulation Of Programmed Cell Death (GO:0043069),4.300701121248168e-06,9.997191369845526,123.53261947952925,"['XBP1', 'SRC', 'MYC', 'DNAJA3', 'PLK1', 'KIF14', 'HSPA1A', 'IER3']",0.00038628115525392634,0,0,3.4130964784170796,8
12,Cellular Response To Oxygen-Containing Compound (GO:1901701),6.853172757527058e-06,9.357262502991146,111.26532608471943,"['EGR1', 'RRAGA', 'XBP1', 'INSIG1', 'SERPINE1', 'NRIP1', 'TLR4', 'CXCL2']",0.0005642445570363944,0,0,3.2485326216351544,8
13,Cell Cycle G1/S Phase Transition (GO:0044843),8.563425546229254e-06,36.05434782608695,420.6825006129661,"['CCNA2', 'CDKN1A', 'CCND1', 'MYC']",0.0006508203415134233,0,0,3.1865388815665026,4
14,Positive Regulation Of Cytokine Production (GO:0001819),1.3915199614819311e-05,10.213165911286127,114.20902212384273,"['EGR1', 'CD40', 'XBP1', 'SERPINE1', 'HMOX1', 'TLR4', 'HSPA1A']",0.0009820155156743914,0,0,3.007881650381545,7
15,G1/S Transition Of Mitotic Cell Cycle (GO:0000082),1.8464678233372257e-05,29.316138540899043,319.5356768746076,"['CDKN1A', 'CCND1', 'MYC', 'E2F2']",0.0012162068063047858,0,0,2.9149925704576845,4
16,Apoptotic Process (GO:0006915),2.14770538920808e-05,12.117936117936118,130.24994480864422,"['NFKBIA', 'MELK', 'CASP10', 'MYC', 'DDIT4', 'IER3']",0.0013262080778359896,0,0,2.8773883311601645,6
17,Negative Regulation Of Extrinsic Apoptotic Signaling Pathway (GO:2001237),2.8059102879129766e-05,26.197628458498023,274.5825167346738,"['SRC', 'SERPINE1', 'HMOX1', 'HSPA1A']",0.001630729037916483,0,0,2.7876181953752814,4
18,Positive Regulation Of Protein Kinase Activity (GO:0045860),3.0454975531674853e-05,15.722222222222221,163.49949517332115,"['CCNA2', 'EGR1', 'CDKN1A', 'SRC', 'KIF14']",0.0016716397680719306,0,0,2.7768573056016614,5
19,Cellular Response To Steroid Hormone Stimulus (GO:0071383),3.252704029670916e-05,57.81818181818182,597.4606436592223,"['HSPA8', 'SRC', 'HSPA1A']",0.0016914060954288765,0,0,2.771752108646991,3
20,Chaperone Cofactor-Dependent Protein Refolding (GO:0051085),4.122055222407173e-05,52.994680851063826,535.0646948580581,"['DNAJB1', 'HSPA8', 'HSPA1A']",0.0018618091211373062,0,0,2.730064846386956,3
21,Positive Regulation Of DNA-templated Transcription (GO:0045893),4.209890054618719e-05,4.802000940613109,48.382507332967975,"['NFKBIA', 'CCNA2', 'FOSL1', 'EGR1', 'CD40', 'XBP1', 'ID2', 'MYC', 'NRIP1', 'SPP1', 'E2F2', 'TLR4']",0.0018618091211373062,0,0,2.730064846386956,12
22,Regulation Of Cyclin-Dependent Protein Serine/Threonine Kinase Activity (GO:0000079),4.52261324972625e-05,23.043478260869566,230.523165537684,"['CCNA2', 'CDKN1A', 'CCND1', 'PLK1']",0.0018618091211373062,0,0,2.730064846386956,4
23,Cellular Response To UV (GO:0034644),4.52261324972625e-05,23.043478260869566,230.523165537684,"['CDKN1A', 'PCNA', 'MMP1', 'MYC']",0.0018618091211373062,0,0,2.730064846386956,4
24,Negative Regulation Of Cellular Component Organization (GO:0051129),4.52261324972625e-05,23.043478260869566,230.523165537684,"['HSPA8', 'DNAJB1', 'SRC', 'HSPA1A']",0.0018618091211373062,0,0,2.730064846386956,4
25,Regulation Of Cytokinesis (GO:0032465),4.751910548580115e-05,22.73913043478261,226.3539158165837,"['PLK1', 'KIF14', 'KIF20A', 'CDC25B']",0.0018779550487988616,0,0,2.726314807326697,4
26,Regulation Of Cell Division (GO:0051302),5.490857824503188e-05,21.872317006053937,214.56395146319088,"['MYC', 'PLK1', 'SFN', 'KIF20A']",0.0020865259733112112,0,0,2.680576204771813,4
27,Regulation Of Mitotic Cell Cycle Phase Transition (GO:1901990),6.310381984044947e-05,21.068928950159066,203.75190754771063,"['CDKN1A', 'ID2', 'PLK1', 'KIF14']",0.002309132370457929,0,0,2.6365511705424693,4
28,'De Novo' Post-Translational Protein Folding (GO:0051084),6.928645627860575e-05,43.84666177549523,419.9309284926422,"['DNAJB1', 'HSPA8', 'HSPA1A']",0.0024448221001165168,0,0,2.6117527372555527,3
29,Cellular Response To Hormone Stimulus (GO:0032870),8.929816660000783e-05,19.18840579710145,178.9036694469556,"['HSPA8', 'XBP1', 'SRC', 'HSPA1A']",0.0030064599755930056,0,0,2.521944573456534,4
30,Locomotor Rhythm (GO:0045475),9.128927051395767e-05,207.77083333333334,1932.5756890799973,"['EGR1', 'ID2']",0.0030064599755930056,0,0,2.521944573456534,2
31,Regulation Of Cell Population Proliferation (GO:0042127),0.00010346025265325666,5.565518574604504,51.07099638888126,"['FOSL1', 'XBP1', 'CDKN1A', 'ID2', 'MYC', 'DNAJA3', 'KIF14', 'CDC25B', 'HSPA1A']",0.0032973783748844383,0,0,2.481831214611226,9
32,TRIF-dependent Toll-Like Receptor Signaling Pathway (GO:0035666),0.00012760097078443218,166.20833333333334,1490.3240703269437,"['CD40', 'TLR4']",0.003764868031098558,0,0,2.424250242403563,2
33,Regulation Of Vascular Wound Healing (GO:0061043),0.00012760097078443218,166.20833333333334,1490.3240703269437,"['XBP1', 'SERPINE1']",0.003764868031098558,0,0,2.424250242403563,2
34,Positive Regulation Of Vasculature Development (GO:1904018),0.00013219781074871336,17.26086956521739,154.16047142432132,"['CD40', 'XBP1', 'SERPINE1', 'HMOX1']",0.003764868031098558,0,0,2.424250242403563,4
35,Cellular Response To Heat (GO:0034605),0.00013608554044552048,34.35250143760782,305.8137622456798,"['DNAJB1', 'HMOX1', 'HSPA1A']",0.003764868031098558,0,0,2.424250242403563,3
36,Negative Regulation Of MAPK Cascade (GO:0043409),0.00013718142623436042,17.08910891089109,151.99405892565503,"['RGS2', 'MYC', 'TLR4', 'DUSP6']",0.003764868031098558,0,0,2.424250242403563,4
37,Regulation Of Chemokine Production (GO:0032642),0.00014657115641659294,33.4468085106383,295.2684100827493,"['EGR1', 'HMOX1', 'TLR4']",0.003913846014583617,0,0,2.407396265119553,3
38,Positive Regulation Of miRNA Transcription (GO:1902895),0.0001690886138794749,31.77127659574468,275.93632160450045,"['FOSL1', 'EGR1', 'MYC']",0.004195616342700111,0,0,2.3772042316000555,3
39,MyD88-independent Toll-Like Receptor Signaling Pathway (GO:0002756),0.00016986300982591541,138.5,1202.2517804391236,"['CD40', 'TLR4']",0.004195616342700111,0,0,2.3772042316000555,2
40,Positive Regulation Of Ubiquitin Protein Ligase Activity (GO:1904668),0.00016986300982591541,138.5,1202.2517804391236,"['CDC20', 'PLK1']",0.004195616342700111,0,0,2.3772042316000555,2
41,Regulation Of Protein Serine/Threonine Kinase Activity (GO:0071900),0.00017596171244768462,15.97584541062802,138.1150837500777,"['CCNA2', 'CDKN1A', 'CCND1', 'SRC']",0.004240248095080791,0,0,2.372608732281697,4
42,Response To Unfolded Protein (GO:0006986),0.0001811421903351466,30.994810586403737,267.0583626754283,"['DNAJB1', 'HSPA8', 'HSPA1A']",0.004261154382169639,0,0,2.370472730969742,3
43,Negative Regulation Of DNA-templated Transcription (GO:0045892),0.00018878040839008292,4.663793103448276,39.99168110868839,"['HSPA8', 'DNAJB1', 'CCND1', 'ID2', 'MYC', 'DNAJA3', 'NRIP1', 'PLK1', 'IKZF1', 'HSPA1A']",0.004337559150916324,0,0,2.3627545897246667,10
44,Cellular Response To Molecule Of Bacterial Origin (GO:0071219),0.00020812376428870505,15.26510196229319,129.40803396501394,"['XBP1', 'SERPINE1', 'TLR4', 'CXCL2']",0.0045694728692720135,0,0,2.340133896903998,4
45,Positive Regulation Of Protein Serine/Threonine Kinase Activity (GO:0071902),0.00020812376428870505,15.26510196229319,129.40803396501394,"['CD40', 'CCND1', 'SRC', 'TLR4']",0.0045694728692720135,0,0,2.340133896903998,4
46,Positive Regulation Of Angiogenesis (GO:0045766),0.00022210330303179846,14.998109640831759,126.16961693338719,"['CD40', 'XBP1', 'SERPINE1', 'HMOX1']",0.004770392682509063,0,0,2.321445869843009,4
47,Positive Regulation Of Protein Modification Process (GO:0031401),0.0002418296146603864,9.964646464646465,82.9783728271654,"['CCNA2', 'EGR1', 'CD40', 'CDKN1A', 'CCND1']",0.005083567218818336,0,0,2.2938314294947877,5
48,Positive Regulation Of miRNA Metabolic Process (GO:2000630),0.0002497855682645102,27.618871415356153,229.09599013803128,"['FOSL1', 'EGR1', 'MYC']",0.005141419613444501,0,0,2.288916950039453,3
49,Cellular Response To Lipopolysaccharide (GO:0071222),0.0002599994355607027,14.369565217391305,118.61833381941406,"['XBP1', 'SERPINE1', 'TLR4', 'CXCL2']",0.0052424375986525355,0,0,2.28046673028983,4
50,Negative Regulation Of Inclusion Body Assembly (GO:0090084),0.00027212309342677823,103.86458333333333,852.6509585567859,"['DNAJB1', 'HSPA1A']",0.005251324606608003,0,0,2.2797311353024634,2
51,Regulation Of Inclusion Body Assembly (GO:0090083),0.00027212309342677823,103.86458333333333,852.6509585567859,"['DNAJB1', 'HSPA1A']",0.005251324606608003,0,0,2.2797311353024634,2
52,Cellular Response To Starvation (GO:0009267),0.00027638550561094756,14.132573057733428,115.79826040976606,"['HSPA8', 'RRAGA', 'XBP1', 'CDKN1A']",0.005251324606608003,0,0,2.2797311353024634,4
53,Positive Regulation Of Macromolecule Metabolic Process (GO:0010604),0.0002819935856389243,7.462671406805485,60.997086780760995,"['NFKBIA', 'EGR1', 'ID2', 'MYC', 'TLR4', 'HSPA1A']",0.005256786087004853,0,0,2.2792796952516103,6
54,Regulation Of Cyclin-Dependent Protein Kinase Activity (GO:1904029),0.000315376219123607,25.404255319148938,204.80261014345277,"['CCNA2', 'CDKN1A', 'CCND1']",0.005665303718074976,0,0,2.2467768025617,3
55,Positive Regulation Of Chemokine Production (GO:0032722),0.000315376219123607,25.404255319148938,204.80261014345277,"['EGR1', 'HMOX1', 'TLR4']",0.005665303718074976,0,0,2.2467768025617,3
56,Regulation Of Cytoplasmic Transport (GO:1903649),0.000332063883264561,92.31944444444444,739.4956618223716,"['USP7', 'SRC']",0.00585855565473904,0,0,2.232209440038723,2
57,Positive Regulation Of Protein Phosphorylation (GO:0001934),0.00034012675588935475,7.196397941680961,57.47181709837462,"['CCNA2', 'CD40', 'CDKN1A', 'CCND1', 'SRC', 'PLK1']",0.005895530435415482,0,0,2.229477114265181,6
58,Cellular Response To Peptide (GO:1901653),0.0003712232496723555,23.962665596146127,189.27407269048402,"['XBP1', 'SRC', 'TLR4']",0.006176794527405354,0,0,2.209236845335164,3
59,Mitotic DNA Damage Checkpoint Signaling (GO:0044773),0.0003712232496723555,23.962665596146127,189.27407269048402,"['CDKN1A', 'CCND1', 'PLK1']",0.006176794527405354,0,0,2.209236845335164,3
60,DNA Damage Response (GO:0006974),0.0003751089793970863,7.0606060606060606,55.69613615938291,"['CDKN1A', 'CCND1', 'POLE2', 'MYC', 'SFN', 'IER3']",0.006176794527405354,0,0,2.209236845335164,6
61,Negative Regulation Of Protein-Containing Complex Assembly (GO:0031333),0.0004330691157728682,22.675531914893618,175.61322428345238,"['HSPA8', 'SRC', 'KIF14']",0.006901165909412803,0,0,2.1610775316903124,3
62,Regulation Of miRNA Transcription (GO:1902893),0.0004330691157728682,22.675531914893618,175.61322428345238,"['FOSL1', 'EGR1', 'MYC']",0.006901165909412803,0,0,2.1610775316903124,3
63,Cytokine-Mediated Signaling Pathway (GO:0019221),0.00044534627568153733,8.685185185185185,67.02060748230939,"['NFKBIA', 'EGR1', 'RRAGA', 'SRC', 'CXCL2']",0.006984160640846966,0,0,2.155885780094143,5
64,Positive Regulation Of Transcription By RNA Polymerase II (GO:0045944),0.00046723561076743346,4.494447215731576,34.46646357605892,"['NFKBIA', 'CCNA2', 'EGR1', 'CD40', 'XBP1', 'MYC', 'NRIP1', 'E2F2', 'TLR4']",0.007045183742413865,0,0,2.152107675758907,9
65,Response To UV-A (GO:0070141),0.00046942457388711873,75.52651515151516,578.8354329773197,"['CCND1', 'MMP1']",0.007045183742413865,0,0,2.152107675758907,2
66,Negative Regulation Of Intrinsic Apoptotic Signaling Pathway (GO:2001243),0.0004777604359734098,21.891415994130593,167.39054801840658,"['XBP1', 'SRC', 'HSPA1A']",0.007045183742413865,0,0,2.152107675758907,3
67,Positive Regulation Of Interleukin-8 Production (GO:0032757),0.0004777604359734098,21.891415994130593,167.39054801840658,"['SERPINE1', 'TLR4', 'HSPA1A']",0.007045183742413865,0,0,2.152107675758907,3
68,Negative Regulation Of DNA-binding Transcription Factor Activity (GO:0043433),0.0005220612351235411,11.877061469265367,89.76357233019593,"['NFKBIA', 'USP7', 'ID2', 'E2F2']",0.007521803473719719,0,0,2.1236780178152497,4
69,Positive Regulation Of Mitotic Cell Cycle Phase Transition (GO:1901992),0.0005253081373346768,21.159574468085108,159.78706699627756,"['CDC20', 'CCND1', 'CDC25B']",0.007521803473719719,0,0,2.1236780178152497,3
70,Regulation Of Integrin Activation (GO:0033623),0.0005467878206419364,69.22916666666667,520.0114050756229,"['SRC', 'KIF14']",0.0077175195256319025,0,0,2.1125222630621336,2
71,Negative Regulation Of Transcription By RNA Polymerase II (GO:0000122),0.0005612135893174545,4.842636392305266,36.24911401183009,"['DNAJB1', 'CCND1', 'ID2', 'MYC', 'DNAJA3', 'NRIP1', 'PLK1', 'HSPA1A']",0.007809563749938663,0,0,2.107373225570332,8
72,Negative Regulation Of Endoplasmic Reticulum Stress-Induced Intrinsic Apoptotic Signaling Pathway (GO:1902236),0.0006299020654549659,63.90064102564103,470.9442866528224,"['XBP1', 'HSPA1A']",0.008525249872185019,0,0,2.069292883124813,2
73,Negative Regulation Of Protein Processing (GO:0010955),0.0006299020654549659,63.90064102564103,470.9442866528224,"['SERPINE1', 'CHAC1']",0.008525249872185019,0,0,2.069292883124813,2
74,Response To Lipopolysaccharide (GO:0032496),0.0006663900762106824,11.105189340813464,81.21930542984357,"['XBP1', 'SERPINE1', 'TLR4', 'CXCL2']",0.008897208044542625,0,0,2.0507462541501256,4
75,Regulation Of Ubiquitin Protein Ligase Activity (GO:1904666),0.0008132713373134499,55.375,393.96243373102385,"['CDC20', 'PLK1']",0.010713494416875847,0,0,1.9700688523762468,2
76,Regulation Of Cell Cycle G1/S Phase Transition (GO:1902806),0.000841115699760175,17.87144141444411,126.54376876875219,"['CDKN1A', 'ID2', 'KIF14']",0.010934504096882274,0,0,1.961200908362166,3
77,Regulation Of Cell Cycle (GO:0051726),0.000869312020087346,7.454304133485021,52.53650759120063,"['CDC20', 'CDKN1A', 'MYC', 'PLK1', 'JADE2']",0.011078605172515486,0,0,1.9555149150599305,5
78,Regulation Of DNA Replication (GO:0006275),0.0008746267241459595,17.622340425531913,124.09147007242574,"['CCNA2', 'PCNA', 'JADE2']",0.011078605172515486,0,0,1.9555149150599305,3
79,Regulation Of Cell Cycle G2/M Phase Transition (GO:1902749),0.0009134705062420161,51.911458333333336,363.2898548418271,"['CDKN1A', 'KIF14']",0.011424162786925466,0,0,1.9421756171085383,2
80,Cellular Response To Nutrient Levels (GO:0031669),0.0009802139911592198,16.914893617021278,117.18197921679685,"['HSPA8', 'RRAGA', 'XBP1']",0.01198901487159436,0,0,1.9212165010886018,3
81,Cellular Response To Cytokine Stimulus (GO:0071345),0.0010074203659695721,7.204620462046204,49.71449148326954,"['NFKBIA', 'EGR1', 'CD40', 'XBP1', 'TLR4']",0.01198901487159436,0,0,1.9212165010886018,5
82,Regulation Of Transcription Involved In G1/S Transition Of Mitotic Cell Cycle (GO:0000083),0.0010193089566942573,48.85539215686274,336.54673838088314,"['ID2', 'E2F2']",0.01198901487159436,0,0,1.9212165010886018,2
83,Regulation Of B Cell Differentiation (GO:0045577),0.0010193089566942573,48.85539215686274,336.54673838088314,"['XBP1', 'ID2']",0.01198901487159436,0,0,1.9212165010886018,2
84,Negative Regulation Of Cyclin-Dependent Protein Serine/Threonine Kinase Activity (GO:0045736),0.0010193089566942573,48.85539215686274,336.54673838088314,"['CDKN1A', 'PLK1']",0.01198901487159436,0,0,1.9212165010886018,2
85,Negative Regulation Of Protein Serine/Threonine Kinase Activity (GO:0071901),0.0010548985204026512,16.473887814313347,112.91714561298859,"['CDKN1A', 'RGS2', 'PLK1']",0.012261643978327286,0,0,1.911451297937424,3
86,Regulation Of Interleukin-8 Production (GO:0032677),0.0010935526678219588,16.261865793780686,110.87866258284605,"['SERPINE1', 'TLR4', 'HSPA1A']",0.012563139951256923,0,0,1.9009018022327846,3
87,Regulation Of Mitotic Spindle Assembly (GO:1901673),0.0011307590059983252,46.138888888888886,313.0461870363529,"['PLK1', 'HSPA1A']",0.012695339749163013,0,0,1.8963556721662063,2
88,Negative Regulation Of Cyclin-Dependent Protein Kinase Activity (GO:1904030),0.0011307590059983252,46.138888888888886,313.0461870363529,"['CDKN1A', 'PLK1']",0.012695339749163013,0,0,1.8963556721662063,2
89,Positive Regulation Of Proteasomal Ubiquitin-Dependent Protein Catabolic Process (GO:0032436),0.001173523974472874,15.85372340425532,106.97686877010655,"['CDC20', 'PLK1', 'HSPA1A']",0.013027434682912354,0,0,1.8851410956259376,3
90,Regulation Of Cysteine-Type Endopeptidase Activity Involved In Apoptotic Process (GO:0043281),0.001214856619110629,15.657210401891254,105.10887662312086,"['SRC', 'MYC', 'SFN']",0.013336425996458904,0,0,1.8749605405828262,3
91,Positive Regulation Of G2/M Transition Of Mitotic Cell Cycle (GO:0010971),0.0012477930702112238,43.708333333333336,292.25047477799524,"['CCND1', 'CDC25B']",0.013547467619436145,0,0,1.8681418783459838,2
92,Cellular Response To Peptide Hormone Stimulus (GO:0071375),0.0014352931477222535,14.743196437407224,96.51465720793364,"['XBP1', 'SRC', 'INSIG1']",0.015413800325538985,0,0,1.8120902712795726,3
93,Negative Regulation Of Extrinsic Apoptotic Signaling Pathway Via Death Domain Receptors (GO:1902042),0.0014985033958486917,39.541666666666664,257.15086234948103,"['SERPINE1', 'HMOX1']",0.015750227181899015,0,0,1.8027131775484402,2
94,Translesion Synthesis (GO:0019985),0.0014985033958486917,39.541666666666664,257.15086234948103,"['PCNA', 'POLE2']",0.015750227181899015,0,0,1.8027131775484402,2
95,ERK1 And ERK2 Cascade (GO:0070371),0.001632124977335775,37.74242424242424,242.22606459531664,"['MYC', 'DUSP6']",0.01645448446538516,0,0,1.7837157200147502,2
96,Regulation Of Endoplasmic Reticulum Stress-Induced Intrinsic Apoptotic Signaling Pathway (GO:1902235),0.001632124977335775,37.74242424242424,242.22606459531664,"['XBP1', 'HSPA1A']",0.01645448446538516,0,0,1.7837157200147502,2
97,Positive Regulation Of Cell Cycle G2/M Phase Transition (GO:1902751),0.001632124977335775,37.74242424242424,242.22606459531664,"['CCND1', 'CDC25B']",0.01645448446538516,0,0,1.7837157200147502,2
98,Secondary Alcohol Biosynthetic Process (GO:1902653),0.001632124977335775,37.74242424242424,242.22606459531664,"['HMGCS1', 'INSIG1']",0.01645448446538516,0,0,1.7837157200147502,2
99,Regulation Of Angiogenesis (GO:0045765),0.0017074182405749426,8.54380272550292,54.447714046538756,"['CD40', 'XBP1', 'SERPINE1', 'HMOX1']",0.017039689107960033,0,0,1.7685383332740803,4
100,Negative Regulation Of Response To Endoplasmic Reticulum Stress (GO:1903573),0.0017712212130127313,36.09963768115942,228.73040961874747,"['XBP1', 'HSPA1A']",0.0171565348868292,0,0,1.7655704222850768,2
101,Cholesterol Biosynthetic Process (GO:0006695),0.0017712212130127313,36.09963768115942,228.73040961874747,"['HMGCS1', 'INSIG1']",0.0171565348868292,0,0,1.7655704222850768,2
102,Regulation Of Cell Cycle Phase Transition (GO:1901987),0.0017712212130127313,36.09963768115942,228.73040961874747,"['CDKN1A', 'PLK1']",0.0171565348868292,0,0,1.7655704222850768,2
103,Positive Regulation Of Protein-Containing Complex Assembly (GO:0031334),0.0018922236540246308,13.340425531914894,83.64450283646559,"['MMP1', 'SRC', 'TLR4']",0.017525702090583725,0,0,1.7563245749043164,3
104,Positive Regulation Of Intracellular Signal Transduction (GO:1902533),0.0018972595107709551,5.105359957961114,31.99705116815704,"['RRAGA', 'CD40', 'CASP10', 'SRC', 'HMOX1', 'TLR4']",0.017525702090583725,0,0,1.7563245749043164,6
105,Spindle Assembly Checkpoint Signaling (GO:0071173),0.0019157650058532817,34.59375,216.47517339281177,"['CDC20', 'PLK1']",0.017525702090583725,0,0,1.7563245749043164,2
106,Mitotic G1 DNA Damage Checkpoint Signaling (GO:0031571),0.0019157650058532817,34.59375,216.47517339281177,"['CDKN1A', 'CCND1']",0.017525702090583725,0,0,1.7563245749043164,2
107,Mitotic Spindle Assembly Checkpoint Signaling (GO:0007094),0.0019157650058532817,34.59375,216.47517339281177,"['CDC20', 'PLK1']",0.017525702090583725,0,0,1.7563245749043164,2
108,Mitotic Spindle Checkpoint Signaling (GO:0071174),0.0019157650058532817,34.59375,216.47517339281177,"['CDC20', 'PLK1']",0.017525702090583725,0,0,1.7563245749043164,2
109,Response To UV (GO:0009411),0.0020046761378758565,13.064049133581927,81.15743654844592,"['PCNA', 'CCND1', 'MYC']",0.01817082591028758,0,0,1.740625332453734,3
110,Cellular Response To Acid Chemical (GO:0071229),0.002065729354554346,33.208333333333336,205.3029465636782,"['XBP1', 'RRAGA']",0.018386852272970215,0,0,1.7354926132028017,2
111,Positive Regulation Of Ubiquitin-Protein Transferase Activity (GO:0051443),0.002065729354554346,33.208333333333336,205.3029465636782,"['CDC20', 'PLK1']",0.018386852272970215,0,0,1.7354926132028017,2
112,Negative Regulation Of Mitotic Metaphase/Anaphase Transition (GO:0045841),0.002221087354345103,31.92948717948718,195.08145262248803,"['CDC20', 'PLK1']",0.01908203744428662,0,0,1.7193752562791909,2
113,Positive Regulation Of Fibroblast Proliferation (GO:0048146),0.002221087354345103,31.92948717948718,195.08145262248803,"['CDKN1A', 'MYC']",0.01908203744428662,0,0,1.7193752562791909,2
114,Sterol Biosynthetic Process (GO:0016126),0.002221087354345103,31.92948717948718,195.08145262248803,"['HMGCS1', 'INSIG1']",0.01908203744428662,0,0,1.7193752562791909,2
115,Regulation Of Bone Resorption (GO:0045124),0.002221087354345103,31.92948717948718,195.08145262248803,"['SRC', 'SPP1']",0.01908203744428662,0,0,1.7193752562791909,2
116,Positive Regulation Of Inflammatory Response (GO:0050729),0.0022418858798504493,12.544133136717926,76.5247046664134,"['NFKBIA', 'SERPINE1', 'TLR4']",0.01909468318355383,0,0,1.7190875429872223,3
117,Cellular Response To Organonitrogen Compound (GO:0071417),0.002303789221887634,12.42052565707134,75.43233671724062,"['EGR1', 'RRAGA', 'XBP1']",0.01928877417718577,0,0,1.7146953713711461,3
118,Intrinsic Apoptotic Signaling Pathway (GO:0097193),0.002303789221887634,12.42052565707134,75.43233671724062,"['CDKN1A', 'SFN', 'CHAC1']",0.01928877417718577,0,0,1.7146953713711461,3
119,Regulation Of G1/S Transition Of Mitotic Cell Cycle (GO:2000045),0.0023667454978385074,12.299318322660607,74.36462396066707,"['CDKN1A', 'ID2', 'KIF14']",0.01928877417718577,0,0,1.7146953713711461,3
120,Regulation Of Protein Modification By Small Protein Conjugation Or Removal (GO:1903320),0.0023818121959682833,30.74537037037037,185.6987673947897,"['EGR1', 'HSPA1A']",0.01928877417718577,0,0,1.7146953713711461,2
121,Regulation Of Spindle Assembly (GO:0090169),0.0023818121959682833,30.74537037037037,185.6987673947897,"['PLK1', 'HSPA1A']",0.01928877417718577,0,0,1.7146953713711461,2
122,Response To Steroid Hormone (GO:0048545),0.0023818121959682833,30.74537037037037,185.6987673947897,"['HSPA8', 'HSPA1A']",0.01928877417718577,0,0,1.7146953713711461,2
123,Regulation Of Cell Growth (GO:0001558),0.0024729928488775024,7.692337687658413,46.171919904388,"['CDKN1A', 'KIF14', 'JADE2', 'HSPA1A']",0.019622088777288594,0,0,1.7072547637162259,4
124,Positive Regulation Of DNA Metabolic Process (GO:0051054),0.0024958414919694924,12.063829787234043,72.30009219407567,"['USP7', 'PCNA', 'MYC']",0.019622088777288594,0,0,1.7072547637162259,3
125,Negative Regulation Of Cell Population Proliferation (GO:0008285),0.0025046631439755054,5.815805109922757,34.83435225893759,"['CDKN1A', 'MYC', 'DNAJA3', 'HMOX1', 'HSPA1A']",0.019622088777288594,0,0,1.7072547637162259,5
126,Negative Regulation Of Myeloid Leukocyte Differentiation (GO:0002762),0.002547877166796628,29.645833333333332,177.0595839464994,"['MYC', 'TLR4']",0.019622088777288594,0,0,1.7072547637162259,2
127,Response To Amino Acid (GO:0043200),0.002547877166796628,29.645833333333332,177.0595839464994,"['XBP1', 'RRAGA']",0.019622088777288594,0,0,1.7072547637162259,2
128,Mitotic G2 DNA Damage Checkpoint Signaling (GO:0007095),0.002547877166796628,29.645833333333332,177.0595839464994,"['CDKN1A', 'PLK1']",0.019622088777288594,0,0,1.7072547637162259,2
129,Regulation Of Proteasomal Ubiquitin-Dependent Protein Catabolic Process (GO:0032434),0.0025619933727431465,11.949417904456041,71.30181411758254,"['USP7', 'PLK1', 'HSPA1A']",0.019622088777288594,0,0,1.7072547637162259,3
130,Positive Regulation Of Phosphorylation (GO:0042327),0.002633887497653225,7.555257613484007,44.87289914494664,"['CCNA2', 'CD40', 'CDKN1A', 'CCND1']",0.02001754498216451,0,0,1.6985891869005285,4
131,Regulation Of Extrinsic Apoptotic Signaling Pathway Via Death Domain Receptors (GO:1902041),0.0027192556482504363,28.62212643678161,169.08226656127547,"['SERPINE1', 'HMOX1']",0.02020018481557467,0,0,1.6946446570871847,2
132,Negative Regulation Of DNA Biosynthetic Process (GO:2000279),0.0027192556482504363,28.62212643678161,169.08226656127547,"['CDKN1A', 'SRC']",0.02020018481557467,0,0,1.6946446570871847,2
133,Negative Regulation Of Cell-Matrix Adhesion (GO:0001953),0.0027192556482504363,28.62212643678161,169.08226656127547,"['SRC', 'SERPINE1']",0.02020018481557467,0,0,1.6946446570871847,2
134,Regulation Of Ubiquitin-Protein Transferase Activity (GO:0051438),0.0028959211173454295,27.666666666666668,161.69650653172428,"['CDC20', 'PLK1']",0.021133242356058696,0,0,1.6750338664442421,2
135,Purine Ribonucleoside Triphosphate Metabolic Process (GO:0009205),0.0028959211173454295,27.666666666666668,161.69650653172428,"['HSPA8', 'HSPA1A']",0.021133242356058696,0,0,1.6750338664442421,2
136,Regulation Of MAP Kinase Activity (GO:0043405),0.002909029312170023,11.408280621046579,66.623626679358,"['CD40', 'RGS2', 'TLR4']",0.021133242356058696,0,0,1.6750338664442421,3
137,Positive Regulation Of Interleukin-12 Production (GO:0032735),0.003077847146316263,26.772849462365592,154.84144163978604,"['CD40', 'TLR4']",0.022035601308409185,0,0,1.6568750939463956,2
138,Regulation Of NLRP3 Inflammasome Complex Assembly (GO:1900225),0.003077847146316263,26.772849462365592,154.84144163978604,"['HSPA8', 'TLR4']",0.022035601308409185,0,0,1.6568750939463956,2
139,ATP Metabolic Process (GO:0046034),0.003265007400933762,25.934895833333332,148.46413612460563,"['HSPA8', 'HSPA1A']",0.0226875155059552,0,0,1.6442130607978407,2
140,Regulation Of DNA Biosynthetic Process (GO:2000278),0.003265007400933762,25.934895833333332,148.46413612460563,"['CDKN1A', 'JADE2']",0.0226875155059552,0,0,1.6442130607978407,2
141,Regulation Of Protein Kinase Activity (GO:0045859),0.0032837193495461473,10.913793103448276,62.413565909911824,"['CCNA2', 'CDKN1A', 'SFN']",0.0226875155059552,0,0,1.6442130607978407,3
142,Regulation Of Protein-Containing Complex Assembly (GO:0043254),0.0032837193495461473,10.913793103448276,62.413565909911824,"['HSPA8', 'MMP1', 'SRC']",0.0226875155059552,0,0,1.6442130607978407,3
143,Cellular Response To Tumor Necrosis Factor (GO:0071356),0.0032837193495461473,10.913793103448276,62.413565909911824,"['NFKBIA', 'RRAGA', 'CD40']",0.0226875155059552,0,0,1.6442130607978407,3
144,Cellular Response To Amino Acid Stimulus (GO:0071230),0.0034573756419477466,25.147727272727273,142.5183432834292,"['XBP1', 'RRAGA']",0.023721438432252592,0,0,1.6248589795468569,2
145,Positive Regulation Of Cellular Process (GO:0048522),0.00350600241474516,4.490259740259741,25.38469021288333,"['FOSL1', 'XBP1', 'MYC', 'KIF14', 'TLR4', 'CDC25B']",0.023889175074263573,0,0,1.6217988467708777,6
146,Positive Regulation Of Defense Response (GO:0031349),0.003686751554553751,10.460172322841569,58.60844537950275,"['NFKBIA', 'SERPINE1', 'TLR4']",0.024778983237408885,0,0,1.6059165181150088,3
147,Regulation Of DNA Metabolic Process (GO:0051052),0.003686751554553751,10.460172322841569,58.60844537950275,"['CCNA2', 'MYC', 'JADE2']",0.024778983237408885,0,0,1.6059165181150088,3
148,Regulation Of Mitotic Cell Cycle (GO:0007346),0.0037708170170264164,10.3739100104639,57.89122705378868,"['CDC20', 'PLK1', 'CDC25B']",0.025172751437987157,0,0,1.5990693124997801,3
149,Negative Regulation Of Smooth Muscle Cell Proliferation (GO:0048662),0.0038576315924392225,23.708333333333332,131.76384828572083,"['CDKN1A', 'HMOX1']",0.02540893342219968,0,0,1.5950135647243258,2
150,Negative Regulation Of Transferase Activity (GO:0051348),0.0038576315924392225,23.708333333333332,131.76384828572083,"['CDC20', 'SRC']",0.02540893342219968,0,0,1.5950135647243258,2
151,Regulation Of Telomere Maintenance (GO:0032204),0.0040654672914765,23.04861111111111,126.88782669928547,"['USP7', 'MYC']",0.02642553739459725,0,0,1.5779761720381305,2
152,Tumor Necrosis Factor-Mediated Signaling Pathway (GO:0033209),0.0040654672914765,23.04861111111111,126.88782669928547,"['NFKBIA', 'RRAGA']",0.02642553739459725,0,0,1.5779761720381305,2
153,Regulation Of Cell Cycle Process (GO:0010564),0.0042087165784917896,9.962975372759256,54.503428450512054,"['MYC', 'PLK1', 'KIF20A']",0.027177856075489466,0,0,1.565784805561886,3
154,Regulation Of Mitotic Spindle Organization (GO:0060236),0.0042784069542198405,22.42454954954955,122.3074073504305,"['PLK1', 'HSPA1A']",0.02724562543799682,0,0,1.5647032181818534,2
155,Positive Regulation Of Cytokinesis (GO:0032467),0.0042784069542198405,22.42454954954955,122.3074073504305,"['KIF14', 'CDC25B']",0.02724562543799682,0,0,1.5647032181818534,2
156,Regulation Of Protein Phosphorylation (GO:0001932),0.004301940858631077,6.559720139930035,35.74187494093898,"['CCNA2', 'CD40', 'CDKN1A', 'CCND1']",0.02724562543799682,0,0,1.5647032181818534,4
157,Regulation Of Cell Migration (GO:0030334),0.004466140094586508,5.055944055944056,27.35887998076375,"['CCNA2', 'XBP1', 'SRC', 'SERPINE1', 'KIF14']",0.028105391168480702,0,0,1.551210365854749,5
158,Positive Regulation Of Wound Healing (GO:0090303),0.004496424806807151,21.833333333333332,117.99765363023795,"['XBP1', 'SERPINE1']",0.028116884234971298,0,0,1.551032807213064,2
159,Response To Amino Acid Starvation (GO:1990928),0.004719495169738577,21.272435897435898,113.93630347986566,"['CDKN1A', 'RRAGA']",0.029326171243407008,0,0,1.5327446337941606,2
160,Cellular Response To Amino Acid Starvation (GO:0034198),0.0049475924537835565,20.739583333333332,110.1034239545967,"['CDKN1A', 'RRAGA']",0.030551383402113462,0,0,1.5149691196177812,2
161,Regulation Of Endothelial Cell Apoptotic Process (GO:2000351),0.005180691162792406,20.232723577235774,106.48111760263689,"['CD40', 'SERPINE1']",0.03159582017801788,0,0,1.5003703665489527,2
162,Positive Regulation Of Cell Division (GO:0051781),0.005180691162792406,20.232723577235774,106.48111760263689,"['KIF14', 'CDC25B']",0.03159582017801788,0,0,1.5003703665489527,2
163,Cellular Response To Ketone (GO:1901655),0.005418765891608996,19.75,103.05327189846055,"['SRC', 'SPP1']",0.03284503497490606,0,0,1.4835302713392091,2
164,Positive Regulation Of Transferase Activity (GO:0051347),0.005487804528802497,9.03191489361702,47.013167330286905,"['PCNA', 'MYC', 'PLK1']",0.03306067606376139,0,0,1.4806882697071329,3
165,I-kappaB kinase/NF-kappaB Signaling (GO:0007249),0.0056617913266769635,19.289728682170544,99.80534454493326,"['NFKBIA', 'TLR4']",0.033697890546727956,0,0,1.4723972846654414,2
166,Regulation Of Telomerase Activity (GO:0051972),0.0056617913266769635,19.289728682170544,99.80534454493326,"['SRC', 'MYC']",0.033697890546727956,0,0,1.4723972846654414,2
167,Regulation Of Fibroblast Proliferation (GO:0048145),0.0059097422436154325,18.85037878787879,96.72417883948357,"['CDKN1A', 'MYC']",0.03454926234729022,0,0,1.4615612207042934,2
168,Positive Regulation Of Blood Vessel Endothelial Cell Migration (GO:0043536),0.0059097422436154325,18.85037878787879,96.72417883948357,"['CD40', 'HMOX1']",0.03454926234729022,0,0,1.4615612207042934,2
169,Mitotic G2/M Transition Checkpoint (GO:0044818),0.0059097422436154325,18.85037878787879,96.72417883948357,"['CDKN1A', 'PLK1']",0.03454926234729022,0,0,1.4615612207042934,2
170,Positive Regulation Of Smooth Muscle Cell Proliferation (GO:0048661),0.00616259351355971,18.430555555555557,93.79784429037069,"['ID2', 'HMOX1']",0.03581554347880584,0,0,1.4459284543041702,2
171,Cellular Response To Mechanical Stimulus (GO:0071260),0.0064203200925442745,18.028985507246375,91.01549863791358,"['CD40', 'TLR4']",0.036666336713489844,0,0,1.4357324776747664,2
172,Positive Regulation Of Reactive Oxygen Species Metabolic Process (GO:2000379),0.0064203200925442745,18.028985507246375,91.01549863791358,"['CDKN1A', 'TLR4']",0.036666336713489844,0,0,1.4357324776747664,2
173,Negative Regulation Of ERK1 And ERK2 Cascade (GO:0070373),0.0064203200925442745,18.028985507246375,91.01549863791358,"['TLR4', 'DUSP6']",0.036666336713489844,0,0,1.4357324776747664,2
174,Positive Regulation Of NF-kappaB Transcription Factor Activity (GO:0051092),0.006496107775646001,8.482507496787091,42.72259082051396,"['CD40', 'TLR4', 'HSPA1A']",0.03688594530079453,0,0,1.4331390821077792,3
175,Regulation Of Cellular Component Organization (GO:0051128),0.0066144943222188335,8.425531914893616,42.28346390775979,"['HSPA8', 'KIF14', 'JADE2']",0.03688660483801356,0,0,1.4331313167973947,3
176,Regulation Of Mitotic Metaphase/Anaphase Transition (GO:0030071),0.006682897030368853,17.64450354609929,88.36726791367238,"['CDC20', 'PLK1']",0.03688660483801356,0,0,1.4331313167973947,2
177,Erythrocyte Differentiation (GO:0030218),0.006682897030368853,17.64450354609929,88.36726791367238,"['ID2', 'IKZF1']",0.03688660483801356,0,0,1.4331313167973947,2
178,Intrinsic Apoptotic Signaling Pathway In Response To DNA Damage (GO:0008630),0.006682897030368853,17.64450354609929,88.36726791367238,"['DDIT4', 'SFN']",0.03688660483801356,0,0,1.4331313167973947,2
179,Negative Regulation Of Cysteine-Type Endopeptidase Activity Involved In Apoptotic Process (GO:0043154),0.006682897030368853,17.64450354609929,88.36726791367238,"['SRC', 'SFN']",0.03688660483801356,0,0,1.4331313167973947,2
180,Positive Regulation Of Gene Expression (GO:0010628),0.006799171297575007,4.555555555555555,22.736570692382294,"['EGR1', 'ID2', 'MYC', 'TLR4', 'HSPA1A']",0.037319895788911706,0,0,1.4280595776362501,5
181,Positive Regulation Of Response To External Stimulus (GO:0032103),0.00685512285061963,8.313829787234043,41.42581056937343,"['NFKBIA', 'SERPINE1', 'TLR4']",0.03732008625855987,0,0,1.4280573611320415,3
182,Regulation Of Interleukin-12 Production (GO:0032655),0.006950299465156898,17.276041666666668,85.84414194819459,"['CD40', 'TLR4']",0.03732008625855987,0,0,1.4280573611320415,2
183,Positive Regulation Of Fat Cell Differentiation (GO:0045600),0.006950299465156898,17.276041666666668,85.84414194819459,"['XBP1', 'ID2']",0.03732008625855987,0,0,1.4280573611320415,2
184,Intracellular Iron Ion Homeostasis (GO:0006879),0.006950299465156898,17.276041666666668,85.84414194819459,"['MYC', 'HMOX1']",0.03732008625855987,0,0,1.4280573611320415,2
185,Microtubule Bundle Formation (GO:0001578),0.00722250262714212,16.922619047619047,83.43788300609687,"['PLK1', 'KIF20A']",0.03857206808441305,0,0,1.413727075327103,2
186,Positive Regulation Of B Cell Activation (GO:0050871),0.007499481830469069,16.583333333333332,81.14094572244915,"['CD40', 'XBP1']",0.0398359572500185,0,0,1.3997247423642138,2
187,Negative Regulation Of Cysteine-Type Endopeptidase Activity (GO:2000117),0.0077812124839393305,16.25735294117647,78.94640668269977,"['SRC', 'SFN']",0.04111143280284523,0,0,1.3860373870599365,2
188,Protein Phosphorylation (GO:0006468),0.008040893507605765,4.367003367003367,21.062996446887233,"['MELK', 'SRC', 'PLK1', 'TLR4', 'CDC25B']",0.04195188443816845,0,0,1.377248526308061,5
189,Negative Regulation Of Protein Ubiquitination (GO:0031397),0.008067670084263163,15.943910256410257,76.8479024006269,"['CDC20', 'HSPA1A']",0.04195188443816845,0,0,1.377248526308061,2
190,Regulation Of Smooth Muscle Cell Proliferation (GO:0048660),0.008067670084263163,15.943910256410257,76.8479024006269,"['ID2', 'HMOX1']",0.04195188443816845,0,0,1.377248526308061,2
191,Response To Peptide Hormone (GO:0043434),0.008358830212753155,15.642295597484276,74.83957451132376,"['XBP1', 'SRC']",0.04323834685968648,0,0,1.3641309188686013,2
192,Positive Regulation Of Interleukin-1 Beta Production (GO:0032731),0.008955160836496808,15.071969696969697,71.07225417227201,"['EGR1', 'TLR4']",0.046081765137806485,0,0,1.3364708938442398,2
193,Neuron Differentiation (GO:0030182),0.009256239445322821,7.4267834793491865,34.77559741127963,"['XBP1', 'ID2', 'DDIT4']",0.04716061620642867,0,0,1.3264205289946047,3
194,Regulation Of Neuron Death (GO:1901214),0.00926028293931899,14.802083333333334,69.30366021141536,"['EGR1', 'KIF14']",0.04716061620642867,0,0,1.3264205289946047,2
195,Positive Regulation Of I-kappaB kinase/NF-kappaB Signaling (GO:0043123),0.009549634191276187,7.3396833250865905,34.1387198997829,"['CD40', 'CASP10', 'HMOX1']",0.04824066662500172,0,0,1.3165866994259607,3
196,Mitotic Cytokinesis (GO:0000281),0.009570010787955807,14.541666666666666,67.6059670933825,"['PLK1', 'KIF20A']",0.04824066662500172,0,0,1.3165866994259607,2
197,Regulation Of Extrinsic Apoptotic Signaling Pathway (GO:2001236),0.009884320404054672,14.290229885057471,65.97521300057967,"['SRC', 'TLR4']",0.04957212466602039,0,0,1.3047624667927693,2
198,Protein-Containing Complex Disassembly (GO:0032984),0.010526589465425666,13.8125,62.9000654557375,"['HSPA8', 'MYC']",0.052526618140608876,0,0,1.2796205597937322,2
199,Positive Regulation Of Interleukin-1 Production (GO:0032732),0.01118690003742748,13.365591397849462,60.051760195429935,"['EGR1', 'TLR4']",0.055109918683673834,0,0,1.2587702297884975,2
200,Cellular Response To Light Stimulus (GO:0071482),0.011523761866123172,13.152777777777779,58.70537343689256,"['PCNA', 'MYC']",0.055109918683673834,0,0,1.2587702297884975,2
201,Positive Regulation Of DNA Biosynthetic Process (GO:2000573),0.011523761866123172,13.152777777777779,58.70537343689256,"['PCNA', 'MYC']",0.055109918683673834,0,0,1.2587702297884975,2
202,Positive Regulation Of Cell Cycle (GO:0045787),0.011523761866123172,13.152777777777779,58.70537343689256,"['CCND1', 'CDC25B']",0.055109918683673834,0,0,1.2587702297884975,2
203,Intracellular Monoatomic Cation Homeostasis (GO:0030003),0.0119235599823681,6.74581863693253,29.878843032045136,"['CD40', 'MYC', 'HMOX1']",0.055109918683673834,0,0,1.2587702297884975,3
204,Cholesterol Metabolic Process (GO:0008203),0.012210781302115073,12.746794871794872,56.15518906635068,"['HMGCS1', 'INSIG1']",0.055109918683673834,0,0,1.2587702297884975,2
205,Negative Regulation Of Gene Expression Via CpG Island Methylation (GO:0044027),0.012438777192772534,101.76530612244898,446.4379351400606,['USP7'],0.055109918683673834,0,0,1.2587702297884975,1
206,His-Purkinje System Development (GO:0003164),0.012438777192772534,101.76530612244898,446.4379351400606,['ID2'],0.055109918683673834,0,0,1.2587702297884975,1
207,Regulation Of Hepatocyte Proliferation (GO:2000345),0.012438777192772534,101.76530612244898,446.4379351400606,['XBP1'],0.055109918683673834,0,0,1.2587702297884975,1
208,Regulation Of Hormone Biosynthetic Process (GO:0046885),0.012438777192772534,101.76530612244898,446.4379351400606,['EGR1'],0.055109918683673834,0,0,1.2587702297884975,1
209,Adenylate Cyclase-Activating Dopamine Receptor Signaling Pathway (GO:0007191),0.012438777192772534,101.76530612244898,446.4379351400606,['GNAS'],0.055109918683673834,0,0,1.2587702297884975,1
210,Axo-Dendritic Transport (GO:0008088),0.012438777192772534,101.76530612244898,446.4379351400606,['HSPA8'],0.055109918683673834,0,0,1.2587702297884975,1
211,"Regulation Of Retrograde Transport, Endosome To Golgi (GO:1905279)",0.012438777192772534,101.76530612244898,446.4379351400606,['USP7'],0.055109918683673834,0,0,1.2587702297884975,1
212,Cellular Heat Acclimation (GO:0070370),0.012438777192772534,101.76530612244898,446.4379351400606,['HSPA1A'],0.055109918683673834,0,0,1.2587702297884975,1
213,Cellular Response To Cold (GO:0070417),0.012438777192772534,101.76530612244898,446.4379351400606,['NFKBIA'],0.055109918683673834,0,0,1.2587702297884975,1
214,Response To Heparin (GO:0071503),0.012438777192772534,101.76530612244898,446.4379351400606,['EGR1'],0.055109918683673834,0,0,1.2587702297884975,1
215,Response To Testosterone (GO:0033574),0.012438777192772534,101.76530612244898,446.4379351400606,['SPP1'],0.055109918683673834,0,0,1.2587702297884975,1
216,Detection Of Molecule Of Bacterial Origin (GO:0032490),0.012438777192772534,101.76530612244898,446.4379351400606,['TLR4'],0.055109918683673834,0,0,1.2587702297884975,1
217,Signal Complex Assembly (GO:0007172),0.012438777192772534,101.76530612244898,446.4379351400606,['SRC'],0.055109918683673834,0,0,1.2587702297884975,1
218,Positive Regulation Of Intrinsic Apoptotic Signaling Pathway By P53 Class Mediator (GO:1902255),0.012438777192772534,101.76530612244898,446.4379351400606,['MYC'],0.055109918683673834,0,0,1.2587702297884975,1
219,Heat Acclimation (GO:0010286),0.012438777192772534,101.76530612244898,446.4379351400606,['HSPA1A'],0.055109918683673834,0,0,1.2587702297884975,1
220,Positive Regulation Of Osteoblast Proliferation (GO:0033690),0.012438777192772534,101.76530612244898,446.4379351400606,['CCNA2'],0.055109918683673834,0,0,1.2587702297884975,1
221,Inflammatory Response To Wounding (GO:0090594),0.012438777192772534,101.76530612244898,446.4379351400606,['HMOX1'],0.055109918683673834,0,0,1.2587702297884975,1
222,Positive Regulation Of Tau-Protein Kinase Activity (GO:1902949),0.012438777192772534,101.76530612244898,446.4379351400606,['EGR1'],0.055109918683673834,0,0,1.2587702297884975,1
223,Protein Targeting To Vacuole Involved In Autophagy (GO:0071211),0.012438777192772534,101.76530612244898,446.4379351400606,['HSPA8'],0.055109918683673834,0,0,1.2587702297884975,1
224,Response To Molecule Of Bacterial Origin (GO:0002237),0.012915373039423325,12.365049751243781,53.77976800231812,"['TLR4', 'CXCL2']",0.05696602037031359,0,0,1.244384119170348,2
225,Regulation Of Notch Signaling Pathway (GO:0008593),0.013274200561286012,12.182598039215685,52.65237170003471,"['SRC', 'CHAC1']",0.05828848957578035,0,0,1.2344171983673433,2
226,Cellular Response To Hypoxia (GO:0071456),0.014004803729585262,11.833333333333334,50.50886613536219,"['MYC', 'HMOX1']",0.05939268299105303,0,0,1.226267055563347,2
227,Cholesterol Homeostasis (GO:0042632),0.014004803729585262,11.833333333333334,50.50886613536219,"['XBP1', 'INSIG1']",0.05939268299105303,0,0,1.226267055563347,2
228,Response To Ionizing Radiation (GO:0010212),0.014004803729585262,11.833333333333334,50.50886613536219,"['CDKN1A', 'MYC']",0.05939268299105303,0,0,1.226267055563347,2
229,Cellular Response To Decreased Oxygen Levels (GO:0036294),0.014376533555205991,11.666079812206572,49.48935398933624,"['MYC', 'HMOX1']",0.05939268299105303,0,0,1.226267055563347,2
230,Sterol Homeostasis (GO:0055092),0.014376533555205991,11.666079812206572,49.48935398933624,"['XBP1', 'INSIG1']",0.05939268299105303,0,0,1.226267055563347,2
231,ATF6-mediated Unfolded Protein Response (GO:0036500),0.014908284799373634,81.40816326530613,342.3895623444841,['XBP1'],0.05939268299105303,0,0,1.226267055563347,1
232,IRE1-mediated Unfolded Protein Response (GO:0036498),0.014908284799373634,81.40816326530613,342.3895623444841,['XBP1'],0.05939268299105303,0,0,1.226267055563347,1
233,Negative Regulation Of Plasminogen Activation (GO:0010757),0.014908284799373634,81.40816326530613,342.3895623444841,['SERPINE1'],0.05939268299105303,0,0,1.226267055563347,1
234,Regulation Of Ketone Biosynthetic Process (GO:0010566),0.014908284799373634,81.40816326530613,342.3895623444841,['EGR1'],0.05939268299105303,0,0,1.226267055563347,1
235,Negative Regulation Of Stress-Activated Protein Kinase Signaling Cascade (GO:0070303),0.014908284799373634,81.40816326530613,342.3895623444841,['MYC'],0.05939268299105303,0,0,1.226267055563347,1
236,Angiotensin-Activated Signaling Pathway (GO:0038166),0.014908284799373634,81.40816326530613,342.3895623444841,['SRC'],0.05939268299105303,0,0,1.226267055563347,1
237,Neurotrophin TRK Receptor Signaling Pathway (GO:0048011),0.014908284799373634,81.40816326530613,342.3895623444841,['DDIT4'],0.05939268299105303,0,0,1.226267055563347,1
238,Regulation Of Nucleotide-Binding Oligomerization Domain Containing 2 Signaling Pathway (GO:0070432),0.014908284799373634,81.40816326530613,342.3895623444841,['HSPA1A'],0.05939268299105303,0,0,1.226267055563347,1
239,Clathrin Coat Disassembly (GO:0072318),0.014908284799373634,81.40816326530613,342.3895623444841,['HSPA8'],0.05939268299105303,0,0,1.226267055563347,1
240,Positive Regulation Of Chemokine (C-X-C Motif) Ligand 2 Production (GO:2000343),0.014908284799373634,81.40816326530613,342.3895623444841,['TLR4'],0.05939268299105303,0,0,1.226267055563347,1
241,Positive Regulation Of Hormone Metabolic Process (GO:0032352),0.014908284799373634,81.40816326530613,342.3895623444841,['EGR1'],0.05939268299105303,0,0,1.226267055563347,1
242,Positive Regulation Of Kidney Development (GO:0090184),0.014908284799373634,81.40816326530613,342.3895623444841,['MYC'],0.05939268299105303,0,0,1.226267055563347,1
243,Positive Regulation Of Lamellipodium Morphogenesis (GO:2000394),0.014908284799373634,81.40816326530613,342.3895623444841,['SRC'],0.05939268299105303,0,0,1.226267055563347,1
244,Histone H4-K12 Acetylation (GO:0043983),0.014908284799373634,81.40816326530613,342.3895623444841,['JADE2'],0.05939268299105303,0,0,1.226267055563347,1
245,Positive Regulation Of Striated Muscle Contraction (GO:0045989),0.014908284799373634,81.40816326530613,342.3895623444841,['RGS2'],0.05939268299105303,0,0,1.226267055563347,1
246,Positive Regulation Of Synaptic Plasticity (GO:0031915),0.014908284799373634,81.40816326530613,342.3895623444841,['CDC20'],0.05939268299105303,0,0,1.226267055563347,1
247,Intracellular Triglyceride Homeostasis (GO:0035356),0.014908284799373634,81.40816326530613,342.3895623444841,['XBP1'],0.05939268299105303,0,0,1.226267055563347,1
248,Mitotic Nuclear Membrane Disassembly (GO:0007077),0.014908284799373634,81.40816326530613,342.3895623444841,['PLK1'],0.05939268299105303,0,0,1.226267055563347,1
249,Regulation Of Fat Cell Differentiation (GO:0045598),0.015132735762129949,11.345319634703197,47.54704276850611,"['XBP1', 'ID2']",0.05980457173193756,0,0,1.223265615308214,2
250,Defense Response To Gram-negative Bacterium (GO:0050829),0.015132735762129949,11.345319634703197,47.54704276850611,"['SERPINE1', 'TLR4']",0.05980457173193756,0,0,1.223265615308214,2
251,Positive Regulation Of Interleukin-6 Production (GO:0032755),0.015517162822490733,11.191441441441441,46.62140287744705,"['XBP1', 'TLR4']",0.06107950943673643,0,0,1.2141044596603765,2
252,Positive Regulation Of Multicellular Organismal Process (GO:0051240),0.01579018127471118,4.442501986604609,18.429128507306682,"['XBP1', 'SERPINE1', 'SPP1', 'GNAS']",0.061907536108788276,0,0,1.2082564803620073,4
253,Regulation Of TOR Signaling (GO:0032006),0.0162985561731684,10.895833333333334,44.85464558420347,"['RRAGA', 'DDIT4']",0.06357220144699774,0,0,1.196732749089771,2
254,Response To Insulin (GO:0032868),0.016695477638347864,10.753787878787879,44.01113934918422,"['XBP1', 'INSIG1']",0.06357220144699774,0,0,1.196732749089771,2
255,Response To Type II Interferon (GO:0034341),0.01709651921653639,10.615384615384615,43.192730302148284,"['CD40', 'TLR4']",0.06357220144699774,0,0,1.196732749089771,2
256,Negative Regulation Of Intracellular Transport (GO:0032387),0.017371741450283952,67.83673469387755,274.9362107684438,['INSIG1'],0.06357220144699774,0,0,1.196732749089771,1
257,Negative Regulation Of Muscle Cell Differentiation (GO:0051148),0.017371741450283952,67.83673469387755,274.9362107684438,['ID2'],0.06357220144699774,0,0,1.196732749089771,1
258,Negative Regulation Of Muscle Hypertrophy (GO:0014741),0.017371741450283952,67.83673469387755,274.9362107684438,['RGS2'],0.06357220144699774,0,0,1.196732749089771,1
259,SREBP Signaling Pathway (GO:0032933),0.017371741450283952,67.83673469387755,274.9362107684438,['INSIG1'],0.06357220144699774,0,0,1.196732749089771,1
260,Negative Regulation Of Phospholipase Activity (GO:0010519),0.017371741450283952,67.83673469387755,274.9362107684438,['RGS2'],0.06357220144699774,0,0,1.196732749089771,1
261,Nonribosomal Peptide Biosynthetic Process (GO:0019184),0.017371741450283952,67.83673469387755,274.9362107684438,['CHAC1'],0.06357220144699774,0,0,1.196732749089771,1
262,Regulation Of Protein Localization To Cell Cortex (GO:1904776),0.017371741450283952,67.83673469387755,274.9362107684438,['PLK1'],0.06357220144699774,0,0,1.196732749089771,1
263,Positive Regulation Of DNA Demethylation (GO:1901537),0.017371741450283952,67.83673469387755,274.9362107684438,['USP7'],0.06357220144699774,0,0,1.196732749089771,1
264,Positive Regulation Of Astrocyte Differentiation (GO:0048711),0.017371741450283952,67.83673469387755,274.9362107684438,['ID2'],0.06357220144699774,0,0,1.196732749089771,1
265,Cytoplasmic Sequestering Of NF-kappaB (GO:0007253),0.017371741450283952,67.83673469387755,274.9362107684438,['NFKBIA'],0.06357220144699774,0,0,1.196732749089771,1
266,Stress-Induced Premature Senescence (GO:0090400),0.017371741450283952,67.83673469387755,274.9362107684438,['CDKN1A'],0.06357220144699774,0,0,1.196732749089771,1
267,Fructose Metabolic Process (GO:0006000),0.017371741450283952,67.83673469387755,274.9362107684438,['ALDOC'],0.06357220144699774,0,0,1.196732749089771,1
268,Positive Regulation Of Microtubule Nucleation (GO:0090063),0.017371741450283952,67.83673469387755,274.9362107684438,['HSPA1A'],0.06357220144699774,0,0,1.196732749089771,1
269,Mammary Gland Epithelial Cell Differentiation (GO:0060644),0.017371741450283952,67.83673469387755,274.9362107684438,['ID2'],0.06357220144699774,0,0,1.196732749089771,1
270,Cellular Response To Interleukin-1 (GO:0071347),0.017501658697958892,10.48048523206751,42.398379802278754,"['EGR1', 'CD40']",0.06357220144699774,0,0,1.196732749089771,2
271,Cytoskeleton-Dependent Cytokinesis (GO:0061640),0.017501658697958892,10.48048523206751,42.398379802278754,"['PLK1', 'KIF20A']",0.06357220144699774,0,0,1.196732749089771,2
272,Negative Regulation Of NF-kappaB Transcription Factor Activity (GO:0032088),0.017501658697958892,10.48048523206751,42.398379802278754,"['NFKBIA', 'USP7']",0.06357220144699774,0,0,1.196732749089771,2
273,Negative Regulation Of Apoptotic Signaling Pathway (GO:2001234),0.017910873954623378,10.348958333333334,41.62710426921145,"['SRC', 'HSPA1A']",0.06482030574054175,0,0,1.1882889248447372,2
274,Positive Regulation Of Ubiquitin-Dependent Protein Catabolic Process (GO:2000060),0.018324142941730272,10.220679012345679,40.877971632620635,"['PLK1', 'HSPA1A']",0.06487156130387711,0,0,1.1879456495108305,2
275,Regulation Of NIK/NF-kappaB Signaling (GO:1901222),0.018324142941730272,10.220679012345679,40.877971632620635,"['NFKBIA', 'TLR4']",0.06487156130387711,0,0,1.1879456495108305,2
276,Regulation Of Interleukin-1 Beta Production (GO:0032651),0.018741443695737853,10.095528455284553,40.15009805248223,"['EGR1', 'TLR4']",0.06487156130387711,0,0,1.1879456495108305,2
277,Purine Ribonucleotide Metabolic Process (GO:0009150),0.018741443695737853,10.095528455284553,40.15009805248223,"['HSPA8', 'HSPA1A']",0.06487156130387711,0,0,1.1879456495108305,2
278,Regulation Of DNA-templated Transcription (GO:0006355),0.01898980424410468,2.3585251046025104,9.348846959046677,"['FOSL1', 'HSPA8', 'EGR1', 'XBP1', 'ID2', 'MYC', 'SPP1', 'E2F2', 'JADE2', 'IKZF1']",0.06487156130387711,0,0,1.1879456495108305,10
279,Response To Interleukin-1 (GO:0070555),0.019162754331397695,9.973393574297189,39.44264488506008,"['CD40', 'SRC']",0.06487156130387711,0,0,1.1879456495108305,2
280,Negative Regulation Of Cell Cycle (GO:0045786),0.019162754331397695,9.973393574297189,39.44264488506008,"['CDKN1A', 'PLK1']",0.06487156130387711,0,0,1.1879456495108305,2
281,Negative Regulation Of Angiogenesis (GO:0016525),0.019588053045278837,9.854166666666666,38.754815869716495,"['SERPINE1', 'E2F2']",0.06487156130387711,0,0,1.1879456495108305,2
282,Negative Regulation Of Binding (GO:0051100),0.019588053045278837,9.854166666666666,38.754815869716495,"['NFKBIA', 'CDKN1A']",0.06487156130387711,0,0,1.1879456495108305,2
283,Negative Regulation Of Lipase Activity (GO:0060192),0.01982916145118511,58.142857142857146,227.9549801512961,['RGS2'],0.06487156130387711,0,0,1.1879456495108305,1
284,Regulation Of Interleukin-23 Production (GO:0032667),0.01982916145118511,58.142857142857146,227.9549801512961,['TLR4'],0.06487156130387711,0,0,1.1879456495108305,1
285,Regulation Of Intrinsic Apoptotic Signaling Pathway By P53 Class Mediator (GO:1902253),0.01982916145118511,58.142857142857146,227.9549801512961,['MYC'],0.06487156130387711,0,0,1.1879456495108305,1
286,Nuclear Membrane Disassembly (GO:0051081),0.01982916145118511,58.142857142857146,227.9549801512961,['PLK1'],0.06487156130387711,0,0,1.1879456495108305,1
287,Bone Resorption (GO:0045453),0.01982916145118511,58.142857142857146,227.9549801512961,['SRC'],0.06487156130387711,0,0,1.1879456495108305,1
288,Cellular Response To Sterol Depletion (GO:0071501),0.01982916145118511,58.142857142857146,227.9549801512961,['INSIG1'],0.06487156130387711,0,0,1.1879456495108305,1
289,Positive Regulation Of Blood Pressure (GO:0045777),0.01982916145118511,58.142857142857146,227.9549801512961,['ID2'],0.06487156130387711,0,0,1.1879456495108305,1
290,Positive Regulation Of Blood Vessel Endothelial Cell Proliferation Involved In Sprouting Angiogenesis (GO:1903589),0.01982916145118511,58.142857142857146,227.9549801512961,['HMOX1'],0.06487156130387711,0,0,1.1879456495108305,1
291,Response To Vitamin (GO:0033273),0.01982916145118511,58.142857142857146,227.9549801512961,['SPP1'],0.06487156130387711,0,0,1.1879456495108305,1
292,Response To Vitamin D (GO:0033280),0.01982916145118511,58.142857142857146,227.9549801512961,['SPP1'],0.06487156130387711,0,0,1.1879456495108305,1
293,Embryonic Digestive Tract Morphogenesis (GO:0048557),0.01982916145118511,58.142857142857146,227.9549801512961,['ID2'],0.06487156130387711,0,0,1.1879456495108305,1
294,"Fructose 1,6-Bisphosphate Metabolic Process (GO:0030388)",0.01982916145118511,58.142857142857146,227.9549801512961,['ALDOC'],0.06487156130387711,0,0,1.1879456495108305,1
295,Transcription-Coupled Nucleotide-Excision Repair (GO:0006283),0.01982916145118511,58.142857142857146,227.9549801512961,['USP7'],0.06487156130387711,0,0,1.1879456495108305,1
296,Positive Regulation Of Protein Kinase C Signaling (GO:0090037),0.01982916145118511,58.142857142857146,227.9549801512961,['CD40'],0.06487156130387711,0,0,1.1879456495108305,1
297,Intestinal Epithelial Cell Differentiation (GO:0060575),0.01982916145118511,58.142857142857146,227.9549801512961,['SRC'],0.06487156130387711,0,0,1.1879456495108305,1
298,Positive Regulation Of Synapse Maturation (GO:0090129),0.01982916145118511,58.142857142857146,227.9549801512961,['CDC20'],0.06487156130387711,0,0,1.1879456495108305,1
299,Positive Regulation Of Tumor Necrosis Factor-Mediated Signaling Pathway (GO:1903265),0.01982916145118511,58.142857142857146,227.9549801512961,['HSPA1A'],0.06487156130387711,0,0,1.1879456495108305,1
300,Regulation Of DNA Demethylation (GO:1901535),0.01982916145118511,58.142857142857146,227.9549801512961,['USP7'],0.06487156130387711,0,0,1.1879456495108305,1
301,Regulation Of DNA Methylation (GO:0044030),0.01982916145118511,58.142857142857146,227.9549801512961,['MYC'],0.06487156130387711,0,0,1.1879456495108305,1
302,Regulation Of DNA-templated Transcription Initiation (GO:2000142),0.01982916145118511,58.142857142857146,227.9549801512961,['FOSL1'],0.06487156130387711,0,0,1.1879456495108305,1
303,Negative Regulation Of Intracellular Signal Transduction (GO:1902532),0.020014501508982346,5.5212765957446805,21.59535917043918,"['SRC', 'DDIT4', 'DUSP6']",0.0652618069005761,0,0,1.1853409060908024,3
304,Regulation Of I-kappaB kinase/NF-kappaB Signaling (GO:0043122),0.02024165428659951,5.496887484901979,21.43793102563893,"['CD40', 'CASP10', 'HMOX1']",0.06578537643144841,0,0,1.1818706358838666,3
305,Negative Regulation Of Protein Kinase Activity (GO:0006469),0.020450527887125446,9.624031007751938,37.43504172973695,"['CDKN1A', 'SFN']",0.06609344671703618,0,0,1.1798415994511309,2
306,Positive Regulation Of Developmental Process (GO:0051094),0.020470237545964647,5.472710453283996,21.282184878476837,"['CDC20', 'XBP1', 'SRC']",0.06609344671703618,0,0,1.1798415994511309,3
307,Regulation Of Vesicle-Mediated Transport (GO:0060627),0.020887660803435404,9.512931034482758,36.80169347929862,"['USP7', 'SRC']",0.06690939943526614,0,0,1.1745128682392432,2
308,Inflammatory Response (GO:0006954),0.02116457399673745,5.401424527440416,20.82479543874002,"['CD40', 'TLR4', 'CXCL2']",0.06690939943526614,0,0,1.1745128682392432,3
309,Positive Regulation Of Proteasomal Protein Catabolic Process (GO:1901800),0.021328695384006162,9.40435606060606,36.18515879365064,"['PLK1', 'HSPA1A']",0.06690939943526614,0,0,1.1745128682392432,2
310,Positive Regulation Of MAP Kinase Activity (GO:0043406),0.02177361021578966,9.298220973782772,35.5848177883064,"['CD40', 'TLR4']",0.06690939943526614,0,0,1.1745128682392432,2
311,Regulation Of Inflammatory Response (GO:0050727),0.022110403168695048,5.3091839482897925,20.237053883333374,"['NFKBIA', 'SERPINE1', 'TLR4']",0.06690939943526614,0,0,1.1745128682392432,3
312,Regulation Of Endoplasmic Reticulum Unfolded Protein Response (GO:1900101),0.022280559123686802,50.87244897959184,193.52086993316271,['XBP1'],0.06690939943526614,0,0,1.1745128682392432,1
313,Negative Regulation Of Leukocyte Migration (GO:0002686),0.022280559123686802,50.87244897959184,193.52086993316271,['HMOX1'],0.06690939943526614,0,0,1.1745128682392432,1
314,Negative Regulation Of Lipid Localization (GO:1905953),0.022280559123686802,50.87244897959184,193.52086993316271,['NFKBIA'],0.06690939943526614,0,0,1.1745128682392432,1
315,I-kappaB Phosphorylation (GO:0007252),0.022280559123686802,50.87244897959184,193.52086993316271,['TLR4'],0.06690939943526614,0,0,1.1745128682392432,1
316,T-helper 1 Type Immune Response (GO:0042088),0.022280559123686802,50.87244897959184,193.52086993316271,['TLR4'],0.06690939943526614,0,0,1.1745128682392432,1
317,Negative Regulation Of Protein Exit From Endoplasmic Reticulum (GO:0070862),0.022280559123686802,50.87244897959184,193.52086993316271,['INSIG1'],0.06690939943526614,0,0,1.1745128682392432,1
318,Negative Regulation Of Protein Maturation (GO:1903318),0.022280559123686802,50.87244897959184,193.52086993316271,['CHAC1'],0.06690939943526614,0,0,1.1745128682392432,1
319,Negative Regulation Of Telomerase Activity (GO:0051974),0.022280559123686802,50.87244897959184,193.52086993316271,['SRC'],0.06690939943526614,0,0,1.1745128682392432,1
320,Regulation Of Tau-Protein Kinase Activity (GO:1902947),0.022280559123686802,50.87244897959184,193.52086993316271,['EGR1'],0.06690939943526614,0,0,1.1745128682392432,1
321,Cellular Response To Oxidised Low-Density Lipoprotein Particle Stimulus (GO:0140052),0.022280559123686802,50.87244897959184,193.52086993316271,['TLR4'],0.06690939943526614,0,0,1.1745128682392432,1
322,Response To Interleukin-4 (GO:0070670),0.022280559123686802,50.87244897959184,193.52086993316271,['XBP1'],0.06690939943526614,0,0,1.1745128682392432,1
323,Positive Regulation Of Epidermis Development (GO:0045684),0.022280559123686802,50.87244897959184,193.52086993316271,['SFN'],0.06690939943526614,0,0,1.1745128682392432,1
324,Error-Prone Translesion Synthesis (GO:0042276),0.022280559123686802,50.87244897959184,193.52086993316271,['POLE2'],0.06690939943526614,0,0,1.1745128682392432,1
325,Positive Regulation Of Hippo Signaling (GO:0035332),0.022280559123686802,50.87244897959184,193.52086993316271,['SRC'],0.06690939943526614,0,0,1.1745128682392432,1
326,Positive Regulation Of Mesenchymal Cell Proliferation (GO:0002053),0.022280559123686802,50.87244897959184,193.52086993316271,['MYC'],0.06690939943526614,0,0,1.1745128682392432,1
327,Positive Regulation Of Platelet Activation (GO:0010572),0.022280559123686802,50.87244897959184,193.52086993316271,['TLR4'],0.06690939943526614,0,0,1.1745128682392432,1
328,Protein Localization To Nuclear Envelope (GO:0090435),0.022280559123686802,50.87244897959184,193.52086993316271,['PLK1'],0.06690939943526614,0,0,1.1745128682392432,1
329,Negative Regulation Of Cell Adhesion Mediated By Integrin (GO:0033629),0.022280559123686802,50.87244897959184,193.52086993316271,['SERPINE1'],0.06690939943526614,0,0,1.1745128682392432,1
330,Regulation Of ERK1 And ERK2 Cascade (GO:0070372),0.02307915647661279,5.220005297077779,19.67328847772697,"['CCNA2', 'TLR4', 'DUSP6']",0.06909759575422254,0,0,1.160537063607562,3
331,Positive Regulation Of DNA-binding Transcription Factor Activity (GO:0051091),0.023572132192873366,5.1765169424743895,19.399981318373513,"['CD40', 'TLR4', 'HSPA1A']",0.06940124270298566,0,0,1.1586327529714082,3
332,Negative Regulation Of Hemostasis (GO:1900047),0.02472594881725805,45.21768707482993,167.3010120823387,['SERPINE1'],0.06940124270298566,0,0,1.1586327529714082,1
333,Negative Regulation Of Interleukin-17 Production (GO:0032700),0.02472594881725805,45.21768707482993,167.3010120823387,['TLR4'],0.06940124270298566,0,0,1.1586327529714082,1
334,Negative Regulation Of Mitochondrial Outer Membrane Permeabilization Involved In Apoptotic Signaling Pathway (GO:1901029),0.02472594881725805,45.21768707482993,167.3010120823387,['HSPA1A'],0.06940124270298566,0,0,1.1586327529714082,1
335,Regulation Of Lamellipodium Morphogenesis (GO:2000392),0.02472594881725805,45.21768707482993,167.3010120823387,['SRC'],0.06940124270298566,0,0,1.1586327529714082,1
336,Negative Regulation Of Sprouting Angiogenesis (GO:1903671),0.02472594881725805,45.21768707482993,167.3010120823387,['E2F2'],0.06940124270298566,0,0,1.1586327529714082,1
337,Regulation Of Microtubule Nucleation (GO:0010968),0.02472594881725805,45.21768707482993,167.3010120823387,['HSPA1A'],0.06940124270298566,0,0,1.1586327529714082,1
338,Regulation Of Mitochondrial Depolarization (GO:0051900),0.02472594881725805,45.21768707482993,167.3010120823387,['SRC'],0.06940124270298566,0,0,1.1586327529714082,1
339,Regulation Of Phospholipase Activity (GO:0010517),0.02472594881725805,45.21768707482993,167.3010120823387,['RGS2'],0.06940124270298566,0,0,1.1586327529714082,1
340,Cell Proliferation In Forebrain (GO:0021846),0.02472594881725805,45.21768707482993,167.3010120823387,['KIF14'],0.06940124270298566,0,0,1.1586327529714082,1
341,Cellular Response To UV-A (GO:0071492),0.02472594881725805,45.21768707482993,167.3010120823387,['MMP1'],0.06940124270298566,0,0,1.1586327529714082,1
342,Regulation Of Synapse Maturation (GO:0090128),0.02472594881725805,45.21768707482993,167.3010120823387,['CDC20'],0.06940124270298566,0,0,1.1586327529714082,1
343,Positive Regulation Of B Cell Differentiation (GO:0045579),0.02472594881725805,45.21768707482993,167.3010120823387,['XBP1'],0.06940124270298566,0,0,1.1586327529714082,1
344,Positive Regulation Of MHC Class II Biosynthetic Process (GO:0045348),0.02472594881725805,45.21768707482993,167.3010120823387,['XBP1'],0.06940124270298566,0,0,1.1586327529714082,1
345,Positive Regulation Of Bone Resorption (GO:0045780),0.02472594881725805,45.21768707482993,167.3010120823387,['SPP1'],0.06940124270298566,0,0,1.1586327529714082,1
346,Response To Sterol (GO:0036314),0.02472594881725805,45.21768707482993,167.3010120823387,['INSIG1'],0.06940124270298566,0,0,1.1586327529714082,1
347,Positive Regulation Of Integrin Activation (GO:0033625),0.02472594881725805,45.21768707482993,167.3010120823387,['SRC'],0.06940124270298566,0,0,1.1586327529714082,1
348,Fatty Acid Homeostasis (GO:0055089),0.02472594881725805,45.21768707482993,167.3010120823387,['XBP1'],0.06940124270298566,0,0,1.1586327529714082,1
349,Positive Regulation Of Macrophage Differentiation (GO:0045651),0.02472594881725805,45.21768707482993,167.3010120823387,['ID2'],0.06940124270298566,0,0,1.1586327529714082,1
350,Positive Regulation Of Nitric-Oxide Synthase Biosynthetic Process (GO:0051770),0.02472594881725805,45.21768707482993,167.3010120823387,['TLR4'],0.06940124270298566,0,0,1.1586327529714082,1
351,Heme Catabolic Process (GO:0042167),0.02472594881725805,45.21768707482993,167.3010120823387,['HMOX1'],0.06940124270298566,0,0,1.1586327529714082,1
352,Progesterone Receptor Signaling Pathway (GO:0050847),0.02472594881725805,45.21768707482993,167.3010120823387,['SRC'],0.06940124270298566,0,0,1.1586327529714082,1
353,MAPK Cascade (GO:0000165),0.02499487952283687,8.6171875,31.789531066243494,"['MYC', 'DUSP6']",0.06995733985428564,0,0,1.1551667130379804,2
354,Cellular Response To Insulin Stimulus (GO:0032869),0.025470075176232815,8.527920962199312,31.299610767204847,"['XBP1', 'INSIG1']",0.07108597252575712,0,0,1.148216090630222,2
355,Negative Regulation Of Fibrinolysis (GO:0051918),0.027165344857992397,40.69387755102041,146.73452100035948,['SERPINE1'],0.07333158666583739,0,0,1.134708918130491,1
356,Negative Regulation Of Myotube Differentiation (GO:0010832),0.027165344857992397,40.69387755102041,146.73452100035948,['XBP1'],0.07333158666583739,0,0,1.134708918130491,1
357,Regulation Of Mesenchymal Cell Proliferation (GO:0010464),0.027165344857992397,40.69387755102041,146.73452100035948,['MYC'],0.07333158666583739,0,0,1.134708918130491,1
358,Regulation Of Protein Exit From Endoplasmic Reticulum (GO:0070861),0.027165344857992397,40.69387755102041,146.73452100035948,['INSIG1'],0.07333158666583739,0,0,1.134708918130491,1
359,Positive Regulation Of Coagulation (GO:0050820),0.027165344857992397,40.69387755102041,146.73452100035948,['SERPINE1'],0.07333158666583739,0,0,1.134708918130491,1
360,Positive Regulation Of Endoplasmic Reticulum Unfolded Protein Response (GO:1900103),0.027165344857992397,40.69387755102041,146.73452100035948,['XBP1'],0.07333158666583739,0,0,1.134708918130491,1
361,Positive Regulation Of Hemostasis (GO:1900048),0.027165344857992397,40.69387755102041,146.73452100035948,['SERPINE1'],0.07333158666583739,0,0,1.134708918130491,1
362,Positive Regulation Of Metaphase/Anaphase Transition Of Cell Cycle (GO:1902101),0.027165344857992397,40.69387755102041,146.73452100035948,['CDC20'],0.07333158666583739,0,0,1.134708918130491,1
363,Positive Regulation Of Mitotic Metaphase/Anaphase Transition (GO:0045842),0.027165344857992397,40.69387755102041,146.73452100035948,['CDC20'],0.07333158666583739,0,0,1.134708918130491,1
364,Maintenance Of Protein Localization In Endoplasmic Reticulum (GO:0035437),0.027165344857992397,40.69387755102041,146.73452100035948,['INSIG1'],0.07333158666583739,0,0,1.134708918130491,1
365,Regulation Of Astrocyte Differentiation (GO:0048710),0.027165344857992397,40.69387755102041,146.73452100035948,['ID2'],0.07333158666583739,0,0,1.134708918130491,1
366,Negative Regulation Of Cell Division (GO:0051782),0.027165344857992397,40.69387755102041,146.73452100035948,['MYC'],0.07333158666583739,0,0,1.134708918130491,1
367,Positive Regulation Of Kinase Activity (GO:0033674),0.0279010087799889,8.107843137254902,29.018720027145317,"['CCNA2', 'CDKN1A']",0.07511225251942516,0,0,1.124289213894,2
368,Regulation Of Neuron Apoptotic Process (GO:0043523),0.0283980432384044,8.028721682847896,28.593770697553435,"['EGR1', 'KIF14']",0.07576056069968967,0,0,1.1205568198036198,2
369,Regulation Of Chemokine (C-X-C Motif) Ligand 2 Production (GO:2000341),0.029598761568907096,36.99257884972171,130.2147194065139,['TLR4'],0.07576056069968967,0,0,1.1205568198036198,1
370,DNA Strand Elongation Involved In DNA Replication (GO:0006271),0.029598761568907096,36.99257884972171,130.2147194065139,['PCNA'],0.07576056069968967,0,0,1.1205568198036198,1
371,Negative Regulation Of Macrophage Derived Foam Cell Differentiation (GO:0010745),0.029598761568907096,36.99257884972171,130.2147194065139,['NFKBIA'],0.07576056069968967,0,0,1.1205568198036198,1
372,MyD88-dependent Toll-Like Receptor Signaling Pathway (GO:0002755),0.029598761568907096,36.99257884972171,130.2147194065139,['TLR4'],0.07576056069968967,0,0,1.1205568198036198,1
373,Negative Regulation Of Mitochondrial Membrane Permeability (GO:0035795),0.029598761568907096,36.99257884972171,130.2147194065139,['HSPA1A'],0.07576056069968967,0,0,1.1205568198036198,1
374,Adipose Tissue Development (GO:0060612),0.029598761568907096,36.99257884972171,130.2147194065139,['XBP1'],0.07576056069968967,0,0,1.1205568198036198,1
375,Regulation Of Transcription From RNA Polymerase II Promoter In Response To Stress (GO:0043618),0.029598761568907096,36.99257884972171,130.2147194065139,['HMOX1'],0.07576056069968967,0,0,1.1205568198036198,1
376,Porphyrin-Containing Compound Catabolic Process (GO:0006787),0.029598761568907096,36.99257884972171,130.2147194065139,['HMOX1'],0.07576056069968967,0,0,1.1205568198036198,1
377,Positive Regulation Of DNA-directed DNA Polymerase Activity (GO:1900264),0.029598761568907096,36.99257884972171,130.2147194065139,['PCNA'],0.07576056069968967,0,0,1.1205568198036198,1
378,Relaxation Of Cardiac Muscle (GO:0055119),0.029598761568907096,36.99257884972171,130.2147194065139,['RGS2'],0.07576056069968967,0,0,1.1205568198036198,1
379,Steroid Catabolic Process (GO:0006706),0.029598761568907096,36.99257884972171,130.2147194065139,['SPP1'],0.07576056069968967,0,0,1.1205568198036198,1
380,Fibrinolysis (GO:0042730),0.029598761568907096,36.99257884972171,130.2147194065139,['SERPINE1'],0.07576056069968967,0,0,1.1205568198036198,1
381,Positive Regulation Of Reactive Oxygen Species Biosynthetic Process (GO:1903428),0.029598761568907096,36.99257884972171,130.2147194065139,['TLR4'],0.07576056069968967,0,0,1.1205568198036198,1
382,Protein Insertion Into Mitochondrial Inner Membrane (GO:0045039),0.029598761568907096,36.99257884972171,130.2147194065139,['TIMM9'],0.07576056069968967,0,0,1.1205568198036198,1
383,Multicellular Organismal-Level Iron Ion Homeostasis (GO:0060586),0.029598761568907096,36.99257884972171,130.2147194065139,['HMOX1'],0.07576056069968967,0,0,1.1205568198036198,1
384,Regulation Of DNA-directed DNA Polymerase Activity (GO:1900262),0.029598761568907096,36.99257884972171,130.2147194065139,['PCNA'],0.07576056069968967,0,0,1.1205568198036198,1
385,Negative Regulation Of Cardiac Muscle Hypertrophy (GO:0010614),0.029598761568907096,36.99257884972171,130.2147194065139,['RGS2'],0.07576056069968967,0,0,1.1205568198036198,1
386,Negative Regulation Of Coagulation (GO:0050819),0.029598761568907096,36.99257884972171,130.2147194065139,['SERPINE1'],0.07576056069968967,0,0,1.1205568198036198,1
387,Response To Tumor Necrosis Factor (GO:0034612),0.02991047692165705,7.800314465408805,27.37556602865933,"['NFKBIA', 'CD40']",0.07636059741239577,0,0,1.1171306825322738,2
388,Positive Regulation Of Cysteine-Type Endopeptidase Activity Involved In Apoptotic Process (GO:0043280),0.030421664588174364,7.72702492211838,26.987409356009476,"['CASP10', 'MYC']",0.0774654758070007,0,0,1.1108918072632916,2
389,Positive Regulation Of Cell Migration (GO:0030335),0.030501996105819135,4.670015028078779,16.298180364562498,"['CCNA2', 'XBP1', 'SRC']",0.077470365430718,0,0,1.1108643954445316,3
390,Response To Lipid (GO:0033993),0.03093634050099251,7.655092592592593,26.607752397672005,"['SPP1', 'TLR4']",0.07832153141034126,0,0,1.1061188294204631,2
391,Mitotic Sister Chromatid Segregation (GO:0000070),0.03145448478079644,7.584480122324159,26.23633758944092,"['PLK1', 'KIF14']",0.07832153141034126,0,0,1.1061188294204631,2
392,Protein Modification Process (GO:0036211),0.031804840549718855,3.0286433742524395,10.443176619033537,"['CCNA2', 'MELK', 'PLK1', 'JADE2', 'CDC25B']",0.07832153141034126,0,0,1.1061188294204631,5
393,Small GTPase Mediated Signal Transduction (GO:0007264),0.03197607762407203,7.515151515151516,25.872917364872013,"['CCNA2', 'CDKN1A']",0.07832153141034126,0,0,1.1061188294204631,2
394,ERBB2 Signaling Pathway (GO:0038128),0.03202621324876303,33.90816326530612,116.6847899929619,['SRC'],0.07832153141034126,0,0,1.1061188294204631,1
395,Regulation Of Leukocyte Migration (GO:0002685),0.03202621324876303,33.90816326530612,116.6847899929619,['HMOX1'],0.07832153141034126,0,0,1.1061188294204631,1
396,Regulation Of Nitric-Oxide Synthase Biosynthetic Process (GO:0051769),0.03202621324876303,33.90816326530612,116.6847899929619,['TLR4'],0.07832153141034126,0,0,1.1061188294204631,1
397,Cellular Response To Interleukin-4 (GO:0071353),0.03202621324876303,33.90816326530612,116.6847899929619,['XBP1'],0.07832153141034126,0,0,1.1061188294204631,1
398,Relaxation Of Muscle (GO:0090075),0.03202621324876303,33.90816326530612,116.6847899929619,['RGS2'],0.07832153141034126,0,0,1.1061188294204631,1
399,Cytoplasmic Sequestering Of Protein (GO:0051220),0.03202621324876303,33.90816326530612,116.6847899929619,['NFKBIA'],0.07832153141034126,0,0,1.1061188294204631,1
400,Cytoplasmic Sequestering Of Transcription Factor (GO:0042994),0.03202621324876303,33.90816326530612,116.6847899929619,['NFKBIA'],0.07832153141034126,0,0,1.1061188294204631,1
401,Response To Progesterone (GO:0032570),0.03202621324876303,33.90816326530612,116.6847899929619,['SRC'],0.07832153141034126,0,0,1.1061188294204631,1
402,Immune Response-Regulating Cell Surface Receptor Signaling Pathway (GO:0002768),0.03202621324876303,33.90816326530612,116.6847899929619,['CD40'],0.07832153141034126,0,0,1.1061188294204631,1
403,Interleukin-6-Mediated Signaling Pathway (GO:0070102),0.03202621324876303,33.90816326530612,116.6847899929619,['SRC'],0.07832153141034126,0,0,1.1061188294204631,1
404,Negative Regulation Of NLRP3 Inflammasome Complex Assembly (GO:1900226),0.03202621324876303,33.90816326530612,116.6847899929619,['HSPA8'],0.07832153141034126,0,0,1.1061188294204631,1
405,Positive Regulation Of Cellular Component Organization (GO:0051130),0.03250109931246501,7.447072072072072,25.517253680402074,"['CDC20', 'MMP1']",0.07928663239682822,0,0,1.1008000278862224,2
406,Regulation Of Interleukin-6 Production (GO:0032675),0.03302953017935412,7.380208333333333,25.169117576656426,"['XBP1', 'TLR4']",0.08017979316265816,0,0,1.0959350684201452,2
407,Response To Endoplasmic Reticulum Stress (GO:0034976),0.03302953017935412,7.380208333333333,25.169117576656426,"['XBP1', 'CHAC1']",0.08017979316265816,0,0,1.0959350684201452,2
408,Positive Regulation Of Cell Differentiation (GO:0045597),0.03372414195485604,4.48404255319149,15.198847512968078,"['CCNA2', 'XBP1', 'ID2']",0.08166532414558277,0,0,1.087962309795428,3
409,Negative Regulation Of Smooth Muscle Cell Migration (GO:0014912),0.034447714169871156,31.298273155416013,105.4223689491126,['SERPINE1'],0.081813321153444,0,0,1.0871759771059961,1
410,Regulation Of Macrophage Differentiation (GO:0045649),0.034447714169871156,31.298273155416013,105.4223689491126,['ID2'],0.081813321153444,0,0,1.0871759771059961,1
411,Contractile Actin Filament Bundle Assembly (GO:0030038),0.034447714169871156,31.298273155416013,105.4223689491126,['SRC'],0.081813321153444,0,0,1.0871759771059961,1
412,Stress Fiber Assembly (GO:0043149),0.034447714169871156,31.298273155416013,105.4223689491126,['SRC'],0.081813321153444,0,0,1.0871759771059961,1
413,Positive Regulation Of Transcription From RNA Polymerase II Promoter Involved In Cellular Response To Chemical Stimulus (GO:1901522),0.034447714169871156,31.298273155416013,105.4223689491126,['XBP1'],0.081813321153444,0,0,1.0871759771059961,1
414,Mammary Gland Epithelium Development (GO:0061180),0.034447714169871156,31.298273155416013,105.4223689491126,['ID2'],0.081813321153444,0,0,1.0871759771059961,1
415,Regulation Of MHC Class II Biosynthetic Process (GO:0045346),0.034447714169871156,31.298273155416013,105.4223689491126,['XBP1'],0.081813321153444,0,0,1.0871759771059961,1
416,Regulation Of Bone Remodeling (GO:0046850),0.034447714169871156,31.298273155416013,105.4223689491126,['SRC'],0.081813321153444,0,0,1.0871759771059961,1
417,Cellular Response To Oxidative Stress (GO:0034599),0.03463508247104127,7.186594202898551,24.167712601380277,"['HMOX1', 'HSPA1A']",0.08206105870836637,0,0,1.085862884295313,2
418,Regulation Of Protein Binding (GO:0043393),0.035176955009368155,7.124281609195402,23.8475644827565,"['CDKN1A', 'PLK1']",0.08294709200299699,0,0,1.081198835066862,2
419,Positive Regulation Of Cell Cycle Process (GO:0090068),0.035176955009368155,7.124281609195402,23.8475644827565,"['KIF14', 'CDC25B']",0.08294709200299699,0,0,1.081198835066862,2
420,Regulation Of Cellular Response To Heat (GO:1900034),0.03686327859360632,29.06122448979592,95.91771596133705,['DNAJB1'],0.08296336959107756,0,0,1.0811136172133662,1
421,Negative Regulation Of Focal Adhesion Assembly (GO:0051895),0.03686327859360632,29.06122448979592,95.91771596133705,['SRC'],0.08296336959107756,0,0,1.0811136172133662,1
422,Negative Regulation Of Gluconeogenesis (GO:0045721),0.03686327859360632,29.06122448979592,95.91771596133705,['USP7'],0.08296336959107756,0,0,1.0811136172133662,1
423,Regulation Of Dephosphorylation (GO:0035303),0.03686327859360632,29.06122448979592,95.91771596133705,['SRC'],0.08296336959107756,0,0,1.0811136172133662,1
424,Regulation Of Monocyte Differentiation (GO:0045655),0.03686327859360632,29.06122448979592,95.91771596133705,['MYC'],0.08296336959107756,0,0,1.0811136172133662,1
425,Neurotrophin Signaling Pathway (GO:0038179),0.03686327859360632,29.06122448979592,95.91771596133705,['DDIT4'],0.08296336959107756,0,0,1.0811136172133662,1
426,Cellular Response To Sterol (GO:0036315),0.03686327859360632,29.06122448979592,95.91771596133705,['INSIG1'],0.08296336959107756,0,0,1.0811136172133662,1
427,Defense Response To Protozoan (GO:0042832),0.03686327859360632,29.06122448979592,95.91771596133705,['CD40'],0.08296336959107756,0,0,1.0811136172133662,1
428,Positive Regulation Of Cell Activation (GO:0050867),0.03686327859360632,29.06122448979592,95.91771596133705,['TLR4'],0.08296336959107756,0,0,1.0811136172133662,1
429,Digestive Tract Morphogenesis (GO:0048546),0.03686327859360632,29.06122448979592,95.91771596133705,['ID2'],0.08296336959107756,0,0,1.0811136172133662,1
430,Positive Regulation Of Cyclin-Dependent Protein Serine/Threonine Kinase Activity (GO:0045737),0.03686327859360632,29.06122448979592,95.91771596133705,['CCND1'],0.08296336959107756,0,0,1.0811136172133662,1
431,Positive Regulation Of Endothelial Cell Apoptotic Process (GO:2000353),0.03686327859360632,29.06122448979592,95.91771596133705,['CD40'],0.08296336959107756,0,0,1.0811136172133662,1
432,Epiboly Involved In Wound Healing (GO:0090505),0.03686327859360632,29.06122448979592,95.91771596133705,['CCNA2'],0.08296336959107756,0,0,1.0811136172133662,1
433,Positive Regulation Of Mitotic Sister Chromatid Separation (GO:1901970),0.03686327859360632,29.06122448979592,95.91771596133705,['CDC20'],0.08296336959107756,0,0,1.0811136172133662,1
434,Histone H4-K5 Acetylation (GO:0043981),0.03686327859360632,29.06122448979592,95.91771596133705,['JADE2'],0.08296336959107756,0,0,1.0811136172133662,1
435,Histone H4-K8 Acetylation (GO:0043982),0.03686327859360632,29.06122448979592,95.91771596133705,['JADE2'],0.08296336959107756,0,0,1.0811136172133662,1
436,Positive Regulation Of Secretion (GO:0051047),0.03686327859360632,29.06122448979592,95.91771596133705,['XBP1'],0.08296336959107756,0,0,1.0811136172133662,1
437,Midbody Abscission (GO:0061952),0.03686327859360632,29.06122448979592,95.91771596133705,['KIF20A'],0.08296336959107756,0,0,1.0811136172133662,1
438,Mitotic Chromosome Condensation (GO:0007076),0.03686327859360632,29.06122448979592,95.91771596133705,['PLK1'],0.08296336959107756,0,0,1.0811136172133662,1
439,Negative Regulation Of Cell-Substrate Junction Organization (GO:0150118),0.03686327859360632,29.06122448979592,95.91771596133705,['SRC'],0.08296336959107756,0,0,1.0811136172133662,1
440,Positive Regulation Of Macromolecule Biosynthetic Process (GO:0010557),0.037377373487394706,6.885416666666667,22.630228345687478,"['XBP1', 'TLR4']",0.08392919319442266,0,0,1.0760869517098939,2
441,Positive Regulation Of Epithelial Cell Proliferation (GO:0050679),0.037935614638327717,6.828168044077135,22.34084340876857,"['XBP1', 'MYC']",0.08498954027815823,0,0,1.0706345199209673,2
442,Negative Regulation Of Growth (GO:0045926),0.03849707242876802,6.771857923497268,22.05711333941876,"['CDKN1A', 'HSPA1A']",0.085091328258008,0,0,1.0701146970434037,2
443,Response To Cytokine (GO:0034097),0.03906172801512739,6.716463414634147,21.77888563484535,"['CD40', 'SRC']",0.085091328258008,0,0,1.0701146970434037,2
444,Negative Regulation Of Cell Growth (GO:0030308),0.03906172801512739,6.716463414634147,21.77888563484535,"['CDKN1A', 'HSPA1A']",0.085091328258008,0,0,1.0701146970434037,2
445,Negative Regulation Of Inflammatory Response To Antigenic Stimulus (GO:0002862),0.039272920734465235,27.122448979591837,87.80133530116419,['SRC'],0.085091328258008,0,0,1.0701146970434037,1
446,Regulation Of Fibrinolysis (GO:0051917),0.039272920734465235,27.122448979591837,87.80133530116419,['SERPINE1'],0.085091328258008,0,0,1.0701146970434037,1
447,Regulation Of Interleukin-1 Production (GO:0032652),0.039272920734465235,27.122448979591837,87.80133530116419,['TLR4'],0.085091328258008,0,0,1.0701146970434037,1
448,acetyl-CoA Metabolic Process (GO:0006084),0.039272920734465235,27.122448979591837,87.80133530116419,['HMGCS1'],0.085091328258008,0,0,1.0701146970434037,1
449,Regulation Of Osteoblast Proliferation (GO:0033688),0.039272920734465235,27.122448979591837,87.80133530116419,['CCNA2'],0.085091328258008,0,0,1.0701146970434037,1
450,Regulation Of Plasminogen Activation (GO:0010755),0.039272920734465235,27.122448979591837,87.80133530116419,['SERPINE1'],0.085091328258008,0,0,1.0701146970434037,1
451,Regulation Of Protein Kinase C Signaling (GO:0090036),0.039272920734465235,27.122448979591837,87.80133530116419,['CD40'],0.085091328258008,0,0,1.0701146970434037,1
452,Cell Surface Toll-Like Receptor Signaling Pathway (GO:0140895),0.039272920734465235,27.122448979591837,87.80133530116419,['TLR4'],0.085091328258008,0,0,1.0701146970434037,1
453,Regulation Of Steroid Biosynthetic Process (GO:0050810),0.039272920734465235,27.122448979591837,87.80133530116419,['EGR1'],0.085091328258008,0,0,1.0701146970434037,1
454,Positive Regulation Of Cell Migration Involved In Sprouting Angiogenesis (GO:0090050),0.039272920734465235,27.122448979591837,87.80133530116419,['HMOX1'],0.085091328258008,0,0,1.0701146970434037,1
455,Negative Regulation Of Anoikis (GO:2000811),0.039272920734465235,27.122448979591837,87.80133530116419,['SRC'],0.085091328258008,0,0,1.0701146970434037,1
456,Regulation Of Blood Vessel Endothelial Cell Proliferation Involved In Sprouting Angiogenesis (GO:1903587),0.039272920734465235,27.122448979591837,87.80133530116419,['HMOX1'],0.085091328258008,0,0,1.0701146970434037,1
457,Negative Regulation Of Fibroblast Proliferation (GO:0048147),0.04167665479123348,25.426020408163264,80.79916728086499,['MYC'],0.08760964879518869,0,0,1.057448060638479,1
458,"DNA Damage Response, Signal Transduction By P53 Class Mediator Resulting In Cell Cycle Arrest (GO:0006977)",0.04167665479123348,25.426020408163264,80.79916728086499,['CDKN1A'],0.08760964879518869,0,0,1.057448060638479,1
459,Regulation Of Inflammatory Response To Antigenic Stimulus (GO:0002861),0.04167665479123348,25.426020408163264,80.79916728086499,['SRC'],0.08760964879518869,0,0,1.057448060638479,1
460,Negative Regulation Of Striated Muscle Cell Differentiation (GO:0051154),0.04167665479123348,25.426020408163264,80.79916728086499,['XBP1'],0.08760964879518869,0,0,1.057448060638479,1
461,Negative Regulation Of Ubiquitin-Protein Transferase Activity (GO:0051444),0.04167665479123348,25.426020408163264,80.79916728086499,['CDC20'],0.08760964879518869,0,0,1.057448060638479,1
462,Negative Regulation Of Vascular Associated Smooth Muscle Cell Proliferation (GO:1904706),0.04167665479123348,25.426020408163264,80.79916728086499,['CDKN1A'],0.08760964879518869,0,0,1.057448060638479,1
463,Regulation Of Protein Sumoylation (GO:0033233),0.04167665479123348,25.426020408163264,80.79916728086499,['EGR1'],0.08760964879518869,0,0,1.057448060638479,1
464,Cellular Response To Unfolded Protein (GO:0034620),0.04167665479123348,25.426020408163264,80.79916728086499,['HSPA1A'],0.08760964879518869,0,0,1.057448060638479,1
465,Positive Regulation Of Glial Cell Differentiation (GO:0045687),0.04167665479123348,25.426020408163264,80.79916728086499,['ID2'],0.08760964879518869,0,0,1.057448060638479,1
466,Positive Regulation Of Macrophage Activation (GO:0043032),0.04167665479123348,25.426020408163264,80.79916728086499,['TLR4'],0.08760964879518869,0,0,1.057448060638479,1
467,Toll-Like Receptor 4 Signaling Pathway (GO:0034142),0.04167665479123348,25.426020408163264,80.79916728086499,['TLR4'],0.08760964879518869,0,0,1.057448060638479,1
468,Positive Regulation Of Small GTPase Mediated Signal Transduction (GO:0051057),0.04167665479123348,25.426020408163264,80.79916728086499,['SRC'],0.08760964879518869,0,0,1.057448060638479,1
469,Postsynaptic Membrane Organization (GO:0001941),0.04167665479123348,25.426020408163264,80.79916728086499,['DNAJA3'],0.08760964879518869,0,0,1.057448060638479,1
470,Microtubule Depolymerization (GO:0007019),0.04167665479123348,25.426020408163264,80.79916728086499,['KIF14'],0.08760964879518869,0,0,1.057448060638479,1
471,Positive Regulation Of Peptidyl-Tyrosine Phosphorylation (GO:0050731),0.04193231755364056,6.452473958333333,20.46530163526616,"['CD40', 'SRC']",0.08795993576007828,0,0,1.0557150964901207,2
472,Circulatory System Development (GO:0072359),0.0431022856735813,6.352564102564102,19.973600244527297,"['CDKN1A', 'ID2']",0.08905030877814389,0,0,1.050364570300552,2
473,Epithelial Cell Differentiation (GO:0030855),0.0431022856735813,6.352564102564102,19.973600244527297,"['PCNA', 'ALDOC']",0.08905030877814389,0,0,1.050364570300552,2
474,Regulation Of Epidermal Cell Differentiation (GO:0045604),0.04407449493169267,23.92917166866747,74.70385911458476,['SFN'],0.08905030877814389,0,0,1.050364570300552,1
475,Negative Regulation Of Lipid Storage (GO:0010888),0.04407449493169267,23.92917166866747,74.70385911458476,['NFKBIA'],0.08905030877814389,0,0,1.050364570300552,1
476,Regulation Of Mitochondrial Outer Membrane Permeabilization Involved In Apoptotic Signaling Pathway (GO:1901028),0.04407449493169267,23.92917166866747,74.70385911458476,['HSPA1A'],0.08905030877814389,0,0,1.050364570300552,1
477,Neuron Fate Commitment (GO:0048663),0.04407449493169267,23.92917166866747,74.70385911458476,['ID2'],0.08905030877814389,0,0,1.050364570300552,1
478,Branching Involved In Ureteric Bud Morphogenesis (GO:0001658),0.04407449493169267,23.92917166866747,74.70385911458476,['MYC'],0.08905030877814389,0,0,1.050364570300552,1
479,Positive Regulation Of DNA Replication (GO:0045740),0.04407449493169267,23.92917166866747,74.70385911458476,['PCNA'],0.08905030877814389,0,0,1.050364570300552,1
480,Positive Regulation Of NLRP3 Inflammasome Complex Assembly (GO:1900227),0.04407449493169267,23.92917166866747,74.70385911458476,['TLR4'],0.08905030877814389,0,0,1.050364570300552,1
481,Positive Regulation Of Cyclin-Dependent Protein Kinase Activity (GO:1904031),0.04407449493169267,23.92917166866747,74.70385911458476,['CCND1'],0.08905030877814389,0,0,1.050364570300552,1
482,Positive Regulation Of Cytokine Production Involved In Inflammatory Response (GO:1900017),0.04407449493169267,23.92917166866747,74.70385911458476,['TLR4'],0.08905030877814389,0,0,1.050364570300552,1
483,Positive Regulation Of Epidermal Cell Differentiation (GO:0045606),0.04407449493169267,23.92917166866747,74.70385911458476,['SFN'],0.08905030877814389,0,0,1.050364570300552,1
484,Endothelial Cell Proliferation (GO:0001935),0.04407449493169267,23.92917166866747,74.70385911458476,['HMOX1'],0.08905030877814389,0,0,1.050364570300552,1
485,Positive Regulation Of Monocyte Chemotaxis (GO:0090026),0.04407449493169267,23.92917166866747,74.70385911458476,['SERPINE1'],0.08905030877814389,0,0,1.050364570300552,1
486,Ureteric Bud Morphogenesis (GO:0060675),0.04407449493169267,23.92917166866747,74.70385911458476,['MYC'],0.08905030877814389,0,0,1.050364570300552,1
487,Positive Regulation Of Response To Endoplasmic Reticulum Stress (GO:1905898),0.04407449493169267,23.92917166866747,74.70385911458476,['XBP1'],0.08905030877814389,0,0,1.050364570300552,1
488,Maintenance Of Gastrointestinal Epithelium (GO:0030277),0.04407449493169267,23.92917166866747,74.70385911458476,['TLR4'],0.08905030877814389,0,0,1.050364570300552,1
489,Mitotic Cytokinetic Process (GO:1902410),0.04407449493169267,23.92917166866747,74.70385911458476,['KIF20A'],0.08905030877814389,0,0,1.050364570300552,1
490,Negative Regulation Of Cellular Process (GO:0048523),0.0448594283208756,3.1677950893221305,9.83353760359004,"['CDKN1A', 'MYC', 'DNAJA3', 'HSPA1A']",0.09045125547147978,0,0,1.0435854007162535,4
491,Negative Regulation Of Cellular Biosynthetic Process (GO:0031327),0.046080253337353536,6.1157407407407405,18.820401760879264,"['USP7', 'CDKN1A']",0.09145190803127633,0,0,1.0388072290742763,2
492,Regulation Of Early Endosome To Late Endosome Transport (GO:2000641),0.04646645529524364,22.598639455782312,69.35578082800635,['SRC'],0.09145190803127633,0,0,1.0388072290742763,1
493,Negative Regulation Of Telomere Maintenance Via Telomerase (GO:0032211),0.04646645529524364,22.598639455782312,69.35578082800635,['SRC'],0.09145190803127633,0,0,1.0388072290742763,1
494,Regulation Of Smooth Muscle Cell Migration (GO:0014910),0.04646645529524364,22.598639455782312,69.35578082800635,['SERPINE1'],0.09145190803127633,0,0,1.0388072290742763,1
495,Cellular Response To Lectin (GO:1990858),0.04646645529524364,22.598639455782312,69.35578082800635,['SRC'],0.09145190803127633,0,0,1.0388072290742763,1
496,Release Of Cytochrome C From Mitochondria (GO:0001836),0.04646645529524364,22.598639455782312,69.35578082800635,['SFN'],0.09145190803127633,0,0,1.0388072290742763,1
497,Embryonic Digestive Tract Development (GO:0048566),0.04646645529524364,22.598639455782312,69.35578082800635,['ID2'],0.09145190803127633,0,0,1.0388072290742763,1
498,Stimulatory C-type Lectin Receptor Signaling Pathway (GO:0002223),0.04646645529524364,22.598639455782312,69.35578082800635,['SRC'],0.09145190803127633,0,0,1.0388072290742763,1
499,Establishment Of Skin Barrier (GO:0061436),0.04646645529524364,22.598639455782312,69.35578082800635,['SFN'],0.09145190803127633,0,0,1.0388072290742763,1
500,Intrinsic Apoptotic Signaling Pathway In Response To DNA Damage By P53 Class Mediator (GO:0042771),0.04646645529524364,22.598639455782312,69.35578082800635,['DDIT4'],0.09145190803127633,0,0,1.0388072290742763,1
501,Mesoderm Development (GO:0007498),0.04646645529524364,22.598639455782312,69.35578082800635,['IKZF1'],0.09145190803127633,0,0,1.0388072290742763,1
502,Receptor Clustering (GO:0043113),0.04646645529524364,22.598639455782312,69.35578082800635,['DNAJA3'],0.09145190803127633,0,0,1.0388072290742763,1
503,Protein-Containing Complex Assembly (GO:0065003),0.04867160395950962,3.8543371522094927,11.65034880880839,"['CD40', 'SRC', 'HSPA1A']",0.09408639255797939,0,0,1.0264731827821862,3
504,Fc-gamma Receptor Signaling Pathway Involved In Phagocytosis (GO:0038096),0.04885254998202776,21.408163265306122,64.63014669364038,['SRC'],0.09408639255797939,0,0,1.0264731827821862,1
505,Negative Regulation Of Phosphate Metabolic Process (GO:0045936),0.04885254998202776,21.408163265306122,64.63014669364038,['CDKN1A'],0.09408639255797939,0,0,1.0264731827821862,1
506,Regulation Of Meiotic Cell Cycle (GO:0051445),0.04885254998202776,21.408163265306122,64.63014669364038,['CDC20'],0.09408639255797939,0,0,1.0264731827821862,1
507,Regulation Of Protein Localization To Cell Periphery (GO:1904375),0.04885254998202776,21.408163265306122,64.63014669364038,['PLK1'],0.09408639255797939,0,0,1.0264731827821862,1
508,Cellular Response To Estradiol Stimulus (GO:0071392),0.04885254998202776,21.408163265306122,64.63014669364038,['NRIP1'],0.09408639255797939,0,0,1.0264731827821862,1
509,Positive Regulation Of Epithelial Cell Differentiation (GO:0030858),0.04885254998202776,21.408163265306122,64.63014669364038,['SFN'],0.09408639255797939,0,0,1.0264731827821862,1
510,Positive Regulation Of Leukocyte Activation (GO:0002696),0.04885254998202776,21.408163265306122,64.63014669364038,['TLR4'],0.09408639255797939,0,0,1.0264731827821862,1
511,Lipopolysaccharide-Mediated Signaling Pathway (GO:0031663),0.04885254998202776,21.408163265306122,64.63014669364038,['TLR4'],0.09408639255797939,0,0,1.0264731827821862,1
512,protein-DNA Complex Disassembly (GO:0032986),0.04885254998202776,21.408163265306122,64.63014669364038,['MYC'],0.09408639255797939,0,0,1.0264731827821862,1
513,Negative Regulation Of B Cell Activation (GO:0050869),0.04885254998202776,21.408163265306122,64.63014669364038,['ID2'],0.09408639255797939,0,0,1.0264731827821862,1
514,Positive Regulation Of Nucleic Acid-Templated Transcription (GO:1903508),0.05011510926370668,3.050082553659879,9.130216958284663,"['EGR1', 'ID2', 'MYC', 'SPP1']",0.09586742339092616,0,0,1.0183289449155648,4
515,Ras Protein Signal Transduction (GO:0007265),0.05037319219466424,5.812206572769953,17.368594502988177,"['CCNA2', 'CDKN1A']",0.09586742339092616,0,0,1.0183289449155648,2
516,Regulation Of Cell Adhesion (GO:0030155),0.05037319219466424,5.812206572769953,17.368594502988177,"['SRC', 'KIF14']",0.09586742339092616,0,0,1.0183289449155648,2
517,Negative Regulation Of Osteoclast Differentiation (GO:0045671),0.0512327930672156,20.336734693877553,60.42807445408675,['TLR4'],0.09586742339092616,0,0,1.0183289449155648,1
518,Regulation Of Lipid Storage (GO:0010883),0.0512327930672156,20.336734693877553,60.42807445408675,['NFKBIA'],0.09586742339092616,0,0,1.0183289449155648,1
519,Anaphase-Promoting Complex-Dependent Catabolic Process (GO:0031145),0.0512327930672156,20.336734693877553,60.42807445408675,['CDC20'],0.09586742339092616,0,0,1.0183289449155648,1
520,Chaperone-Mediated Protein Complex Assembly (GO:0051131),0.0512327930672156,20.336734693877553,60.42807445408675,['HSPA1A'],0.09586742339092616,0,0,1.0183289449155648,1
521,Positive Regulation Of Blood Coagulation (GO:0030194),0.0512327930672156,20.336734693877553,60.42807445408675,['SERPINE1'],0.09586742339092616,0,0,1.0183289449155648,1
522,Skin Epidermis Development (GO:0098773),0.0512327930672156,20.336734693877553,60.42807445408675,['SFN'],0.09586742339092616,0,0,1.0183289449155648,1
523,Positive Regulation Of Heart Contraction (GO:0045823),0.0512327930672156,20.336734693877553,60.42807445408675,['RGS2'],0.09586742339092616,0,0,1.0183289449155648,1
524,Positive Regulation Of Interferon-Alpha Production (GO:0032727),0.0512327930672156,20.336734693877553,60.42807445408675,['TLR4'],0.09586742339092616,0,0,1.0183289449155648,1
525,Focal Adhesion Assembly (GO:0048041),0.0512327930672156,20.336734693877553,60.42807445408675,['SRC'],0.09586742339092616,0,0,1.0183289449155648,1
526,Positive Regulation Of Signal Transduction By P53 Class Mediator (GO:1901798),0.0512327930672156,20.336734693877553,60.42807445408675,['MYC'],0.09586742339092616,0,0,1.0183289449155648,1
527,Macrophage Differentiation (GO:0030225),0.0512327930672156,20.336734693877553,60.42807445408675,['CASP10'],0.09586742339092616,0,0,1.0183289449155648,1
528,Regulation Of Anoikis (GO:2000209),0.0512327930672156,20.336734693877553,60.42807445408675,['SRC'],0.09586742339092616,0,0,1.0183289449155648,1
529,Regulation Of Cold-Induced Thermogenesis (GO:0120161),0.05162552638062621,5.730902777777778,16.984900248335105,"['GNAS', 'TLR4']",0.09641969766362703,0,0,1.0158342346371263,2
530,Defense Response To Symbiont (GO:0140546),0.052889062238365064,5.651826484018265,16.61387585032132,"['CD40', 'DDIT4']",0.09771939523258989,0,0,1.0100192294591595,2
531,Negative Regulation Of Protein Phosphorylation (GO:0001933),0.053524987621642296,5.613095238095238,16.432935090777736,"['CDKN1A', 'SFN']",0.09771939523258989,0,0,1.0100192294591595,2
532,Negative Regulation Of Extrinsic Apoptotic Signaling Pathway In Absence Of Ligand (GO:2001240),0.05360719859925478,19.367346938775512,56.67024999786951,['HSPA1A'],0.09771939523258989,0,0,1.0100192294591595,1
533,Fc Receptor Mediated Stimulatory Signaling Pathway (GO:0002431),0.05360719859925478,19.367346938775512,56.67024999786951,['SRC'],0.09771939523258989,0,0,1.0100192294591595,1
534,Negative Regulation Of Signal Transduction In Absence Of Ligand (GO:1901099),0.05360719859925478,19.367346938775512,56.67024999786951,['HSPA1A'],0.09771939523258989,0,0,1.0100192294591595,1
535,Regulation Of Neural Precursor Cell Proliferation (GO:2000177),0.05360719859925478,19.367346938775512,56.67024999786951,['ID2'],0.09771939523258989,0,0,1.0100192294591595,1
536,Regulation Of Telomere Capping (GO:1904353),0.05360719859925478,19.367346938775512,56.67024999786951,['USP7'],0.09771939523258989,0,0,1.0100192294591595,1
537,Cellular Response To Low-Density Lipoprotein Particle Stimulus (GO:0071404),0.05360719859925478,19.367346938775512,56.67024999786951,['TLR4'],0.09771939523258989,0,0,1.0100192294591595,1
538,Cellular Response To Topologically Incorrect Protein (GO:0035967),0.05360719859925478,19.367346938775512,56.67024999786951,['HSPA1A'],0.09771939523258989,0,0,1.0100192294591595,1
539,Response To Gamma Radiation (GO:0010332),0.05360719859925478,19.367346938775512,56.67024999786951,['MYC'],0.09771939523258989,0,0,1.0100192294591595,1
540,Positive Regulation Of Cholesterol Efflux (GO:0010875),0.05360719859925478,19.367346938775512,56.67024999786951,['NFKBIA'],0.09771939523258989,0,0,1.0100192294591595,1
541,Postreplication Repair (GO:0006301),0.05360719859925478,19.367346938775512,56.67024999786951,['PCNA'],0.09771939523258989,0,0,1.0100192294591595,1
542,Negative Regulation Of G Protein-Coupled Receptor Signaling Pathway (GO:0045744),0.05360719859925478,19.367346938775512,56.67024999786951,['RGS2'],0.09771939523258989,0,0,1.0100192294591595,1
543,Adaptive Immune Response Based On Somatic Recombination Of Immune Receptors Built From Immunoglobulin Superfamily Domains (GO:0002460),0.05597578058787951,18.4860853432282,53.29235549319145,['TLR4'],0.10073601315268663,0,0,0.9968152412890203,1
544,Regulation Of Myotube Differentiation (GO:0010830),0.05597578058787951,18.4860853432282,53.29235549319145,['XBP1'],0.10073601315268663,0,0,0.9968152412890203,1
545,Cellular Response To Interleukin-6 (GO:0071354),0.05597578058787951,18.4860853432282,53.29235549319145,['SRC'],0.10073601315268663,0,0,0.9968152412890203,1
546,Positive Regulation Of Epithelial Cell Apoptotic Process (GO:1904037),0.05597578058787951,18.4860853432282,53.29235549319145,['CD40'],0.10073601315268663,0,0,0.9968152412890203,1
547,Entrainment Of Circadian Clock By Photoperiod (GO:0043153),0.05597578058787951,18.4860853432282,53.29235549319145,['ID2'],0.10073601315268663,0,0,0.9968152412890203,1
548,Hepaticobiliary System Development (GO:0061008),0.05597578058787951,18.4860853432282,53.29235549319145,['XBP1'],0.10073601315268663,0,0,0.9968152412890203,1
549,Regulation Of Cardiac Muscle Hypertrophy (GO:0010611),0.05597578058787951,18.4860853432282,53.29235549319145,['RGS2'],0.10073601315268663,0,0,0.9968152412890203,1
550,Epithelium Development (GO:0060429),0.0567455048100272,5.427083333333333,15.571272642043727,"['PCNA', 'ALDOC']",0.10193556136783068,0,0,0.9916742810418621,2
551,Fc-gamma Receptor Signaling Pathway (GO:0038094),0.05833855301300996,17.68145519077196,50.24171555062859,['SRC'],0.10311000067415714,0,0,0.986699210303594,1
552,Neuromuscular Junction Development (GO:0007528),0.05833855301300996,17.68145519077196,50.24171555062859,['DNAJA3'],0.10311000067415714,0,0,0.986699210303594,1
553,Regulation Of Muscle Cell Differentiation (GO:0051147),0.05833855301300996,17.68145519077196,50.24171555062859,['ID2'],0.10311000067415714,0,0,0.986699210303594,1
554,Photoperiodism (GO:0009648),0.05833855301300996,17.68145519077196,50.24171555062859,['ID2'],0.10311000067415714,0,0,0.986699210303594,1
555,Regulation Of Supramolecular Fiber Organization (GO:1902903),0.05833855301300996,17.68145519077196,50.24171555062859,['HSPA8'],0.10311000067415714,0,0,0.986699210303594,1
556,Positive Regulation Of BMP Signaling Pathway (GO:0030513),0.05833855301300996,17.68145519077196,50.24171555062859,['CCNA2'],0.10311000067415714,0,0,0.986699210303594,1
557,Positive Regulation Of Peptidyl-Threonine Phosphorylation (GO:0010800),0.05833855301300996,17.68145519077196,50.24171555062859,['PLK1'],0.10311000067415714,0,0,0.986699210303594,1
558,Mononuclear Cell Differentiation (GO:1903131),0.05833855301300996,17.68145519077196,50.24171555062859,['IKZF1'],0.10311000067415714,0,0,0.986699210303594,1
559,Negative Regulation Of Cell Junction Assembly (GO:1901889),0.05833855301300996,17.68145519077196,50.24171555062859,['SRC'],0.10311000067415714,0,0,0.986699210303594,1
560,Negative Regulation Of Intracellular Protein Transport (GO:0090317),0.06069552982417541,16.943877551020407,47.47480020477031,['INSIG1'],0.10502133706880089,0,0,0.9787224568363767,1
561,Regulation Of Hippo Signaling (GO:0035330),0.06069552982417541,16.943877551020407,47.47480020477031,['SRC'],0.10502133706880089,0,0,0.9787224568363767,1
562,Negative Regulation Of Response To Wounding (GO:1903035),0.06069552982417541,16.943877551020407,47.47480020477031,['SERPINE1'],0.10502133706880089,0,0,0.9787224568363767,1
563,Negative Regulation Of Telomere Maintenance Via Telomere Lengthening (GO:1904357),0.06069552982417541,16.943877551020407,47.47480020477031,['SRC'],0.10502133706880089,0,0,0.9787224568363767,1
564,Regulation Of Monocyte Chemotaxis (GO:0090025),0.06069552982417541,16.943877551020407,47.47480020477031,['SERPINE1'],0.10502133706880089,0,0,0.9787224568363767,1
565,Regulation Of Myelination (GO:0031641),0.06069552982417541,16.943877551020407,47.47480020477031,['KIF14'],0.10502133706880089,0,0,0.9787224568363767,1
566,Osteoclast Differentiation (GO:0030316),0.06069552982417541,16.943877551020407,47.47480020477031,['SRC'],0.10502133706880089,0,0,0.9787224568363767,1
567,Regulation Of Protein Processing (GO:0070613),0.06069552982417541,16.943877551020407,47.47480020477031,['CHAC1'],0.10502133706880089,0,0,0.9787224568363767,1
568,Cellular Response To Hexose Stimulus (GO:0071331),0.06069552982417541,16.943877551020407,47.47480020477031,['XBP1'],0.10502133706880089,0,0,0.9787224568363767,1
569,Ventricular Cardiac Muscle Tissue Development (GO:0003229),0.06069552982417541,16.943877551020407,47.47480020477031,['ID2'],0.10502133706880089,0,0,0.9787224568363767,1
570,"Wound Healing, Spreading Of Cells (GO:0044319)",0.06069552982417541,16.943877551020407,47.47480020477031,['CCNA2'],0.10502133706880089,0,0,0.9787224568363767,1
571,Mismatch Repair (GO:0006298),0.06069552982417541,16.943877551020407,47.47480020477031,['PCNA'],0.10502133706880089,0,0,0.9787224568363767,1
572,Regulation Of Gene Expression (GO:0010468),0.06080923436574254,2.290446841294299,6.413282352717693,"['EGR1', 'ID2', 'MYC', 'JADE2', 'TLR4', 'HSPA1A']",0.10503413208628257,0,0,0.978669548854334,6
573,Protein Autophosphorylation (GO:0046777),0.062035997186313606,5.153645833333333,14.327343946785978,"['MELK', 'SRC']",0.10677973034856768,0,0,0.9715111802029364,2
574,Mitochondrion Organization (GO:0007005),0.062035997186313606,5.153645833333333,14.327343946785978,"['DNAJA3', 'TIMM9']",0.10677973034856768,0,0,0.9715111802029364,2
575,Negative Regulation Of Cell Migration (GO:0030336),0.06270887331062412,5.121376811594203,14.182384623506447,"['SERPINE1', 'HMOX1']",0.10702777363332476,0,0,0.9705035085715383,2
576,Negative Regulation Of Endothelial Cell Apoptotic Process (GO:2000352),0.06304672495404354,16.26530612244898,44.95534064809558,['SERPINE1'],0.10702777363332476,0,0,0.9705035085715383,1
577,Regulation Of Interferon-Alpha Production (GO:0032647),0.06304672495404354,16.26530612244898,44.95534064809558,['TLR4'],0.10702777363332476,0,0,0.9705035085715383,1
578,Nuclear Membrane Organization (GO:0071763),0.06304672495404354,16.26530612244898,44.95534064809558,['PLK1'],0.10702777363332476,0,0,0.9705035085715383,1
579,Regulation Of Reactive Oxygen Species Biosynthetic Process (GO:1903426),0.06304672495404354,16.26530612244898,44.95534064809558,['TLR4'],0.10702777363332476,0,0,0.9705035085715383,1
580,Cellular Response To Xenobiotic Stimulus (GO:0071466),0.06304672495404354,16.26530612244898,44.95534064809558,['MYC'],0.10702777363332476,0,0,0.9705035085715383,1
581,Positive Regulation Of Erythrocyte Differentiation (GO:0045648),0.06304672495404354,16.26530612244898,44.95534064809558,['HSPA1A'],0.10702777363332476,0,0,0.9705035085715383,1
582,Protein Targeting To Lysosome (GO:0006622),0.06304672495404354,16.26530612244898,44.95534064809558,['HSPA8'],0.10702777363332476,0,0,0.9705035085715383,1
583,DNA Synthesis Involved In DNA Repair (GO:0000731),0.06539215225886762,15.638932496075354,42.652889831563165,['PCNA'],0.10918963713444324,0,0,0.9618185772804345,1
584,Regulation Of Extrinsic Apoptotic Signaling Pathway In Absence Of Ligand (GO:2001239),0.06539215225886762,15.638932496075354,42.652889831563165,['HSPA1A'],0.10918963713444324,0,0,0.9618185772804345,1
585,Regulation Of Immunoglobulin Production (GO:0002637),0.06539215225886762,15.638932496075354,42.652889831563165,['XBP1'],0.10918963713444324,0,0,0.9618185772804345,1
586,Positive Regulation Of TORC1 Signaling (GO:1904263),0.06539215225886762,15.638932496075354,42.652889831563165,['RRAGA'],0.10918963713444324,0,0,0.9618185772804345,1
587,Positive Regulation Of Mitotic Cell Cycle (GO:0045931),0.06539215225886762,15.638932496075354,42.652889831563165,['CDC25B'],0.10918963713444324,0,0,0.9618185772804345,1
588,Positive Regulation Of Nitric Oxide Biosynthetic Process (GO:0045429),0.06539215225886762,15.638932496075354,42.652889831563165,['TLR4'],0.10918963713444324,0,0,0.9618185772804345,1
589,Microtubule Polymerization Or Depolymerization (GO:0031109),0.06539215225886762,15.638932496075354,42.652889831563165,['KIF14'],0.10918963713444324,0,0,0.9618185772804345,1
590,Myeloid Cell Development (GO:0061515),0.06539215225886762,15.638932496075354,42.652889831563165,['SRC'],0.10918963713444324,0,0,0.9618185772804345,1
591,Negative Regulation Of Notch Signaling Pathway (GO:0045746),0.06539215225886762,15.638932496075354,42.652889831563165,['CHAC1'],0.10918963713444324,0,0,0.9618185772804345,1
592,Membrane Organization (GO:0061024),0.06542536961901863,4.996212121212121,13.623896946353439,"['HSPA8', 'KIF20A']",0.10918963713444324,0,0,0.9618185772804345,2
593,Negative Regulation Of Type II Interferon Production (GO:0032689),0.0677318256109869,15.058956916099774,40.541710435272364,['TLR4'],0.11134616256847762,0,0,0.953324745886817,1
594,Negative Regulation Of Wound Healing (GO:0061045),0.0677318256109869,15.058956916099774,40.541710435272364,['SERPINE1'],0.11134616256847762,0,0,0.953324745886817,1
595,Regulation Of Platelet Activation (GO:0010543),0.0677318256109869,15.058956916099774,40.541710435272364,['TLR4'],0.11134616256847762,0,0,0.953324745886817,1
596,Regulation Of Protein Transport (GO:0051223),0.0677318256109869,15.058956916099774,40.541710435272364,['HSPA8'],0.11134616256847762,0,0,0.953324745886817,1
597,Cell-Substrate Junction Assembly (GO:0007044),0.0677318256109869,15.058956916099774,40.541710435272364,['SRC'],0.11134616256847762,0,0,0.953324745886817,1
598,Vascular Endothelial Growth Factor Receptor Signaling Pathway (GO:0048010),0.0677318256109869,15.058956916099774,40.541710435272364,['SRC'],0.11134616256847762,0,0,0.953324745886817,1
599,Positive Regulation Of Nitric Oxide Metabolic Process (GO:1904407),0.0677318256109869,15.058956916099774,40.541710435272364,['TLR4'],0.11134616256847762,0,0,0.953324745886817,1
600,Protein Depolymerization (GO:0051261),0.0677318256109869,15.058956916099774,40.541710435272364,['KIF14'],0.11134616256847762,0,0,0.953324745886817,1
601,Protein Insertion Into Mitochondrial Membrane (GO:0051204),0.0677318256109869,15.058956916099774,40.541710435272364,['TIMM9'],0.11134616256847762,0,0,0.953324745886817,1
602,Heart Development (GO:0007507),0.06818108212725724,4.876972386587771,13.097539204308811,"['CDKN1A', 'ID2']",0.11189852016898696,0,0,0.95117565687373,2
603,Peptidyl-Tyrosine Dephosphorylation (GO:0035335),0.07006575883720893,14.520408163265307,38.5999069065122,['DUSP6'],0.11329782280059315,0,0,0.9457784357215403,1
604,Positive Regulation Of B Cell Proliferation (GO:0030890),0.07006575883720893,14.520408163265307,38.5999069065122,['CD40'],0.11329782280059315,0,0,0.9457784357215403,1
605,Positive Regulation Of Dephosphorylation (GO:0035306),0.07006575883720893,14.520408163265307,38.5999069065122,['SRC'],0.11329782280059315,0,0,0.9457784357215403,1
606,Establishment Of Mitotic Spindle Orientation (GO:0000132),0.07006575883720893,14.520408163265307,38.5999069065122,['PLK1'],0.11329782280059315,0,0,0.9457784357215403,1
607,Positive Regulation Of Microtubule Polymerization (GO:0031116),0.07006575883720893,14.520408163265307,38.5999069065122,['HSPA1A'],0.11329782280059315,0,0,0.9457784357215403,1
608,Glycolytic Process (GO:0006096),0.07006575883720893,14.520408163265307,38.5999069065122,['ALDOC'],0.11329782280059315,0,0,0.9457784357215403,1
609,Integrated Stress Response Signaling (GO:0140467),0.07006575883720893,14.520408163265307,38.5999069065122,['FOSL1'],0.11329782280059315,0,0,0.9457784357215403,1
610,Negative Regulation Of DNA Binding (GO:0043392),0.07006575883720893,14.520408163265307,38.5999069065122,['NFKBIA'],0.11329782280059315,0,0,0.9457784357215403,1
611,Regulation Of Blood Coagulation (GO:0030193),0.07006575883720893,14.520408163265307,38.5999069065122,['SERPINE1'],0.11329782280059315,0,0,0.9457784357215403,1
612,Positive Regulation Of Cellular Biosynthetic Process (GO:0031328),0.07027299113062949,4.791182170542636,12.722350612514175,"['EGR1', 'TLR4']",0.11344724711938224,0,0,0.9452060381251632,2
613,Regulation Of Macrophage Derived Foam Cell Differentiation (GO:0010743),0.0723939657090184,14.019000703729768,36.80874147674154,['NFKBIA'],0.11499234424519321,0,0,0.9393310723658924,1
614,Regulation Of Vasculature Development (GO:1901342),0.0723939657090184,14.019000703729768,36.80874147674154,['HMOX1'],0.11499234424519321,0,0,0.9393310723658924,1
615,Positive Regulation Of Interleukin-10 Production (GO:0032733),0.0723939657090184,14.019000703729768,36.80874147674154,['TLR4'],0.11499234424519321,0,0,0.9393310723658924,1
616,Extrinsic Apoptotic Signaling Pathway Via Death Domain Receptors (GO:0008625),0.0723939657090184,14.019000703729768,36.80874147674154,['CASP10'],0.11499234424519321,0,0,0.9393310723658924,1
617,Positive Regulation Of Phosphate Metabolic Process (GO:0045937),0.0723939657090184,14.019000703729768,36.80874147674154,['SRC'],0.11499234424519321,0,0,0.9393310723658924,1
618,Innate Immune Response Activating Cell Surface Receptor Signaling Pathway (GO:0002220),0.0723939657090184,14.019000703729768,36.80874147674154,['SRC'],0.11499234424519321,0,0,0.9393310723658924,1
619,Intrinsic Apoptotic Signaling Pathway In Response To Endoplasmic Reticulum Stress (GO:0070059),0.0723939657090184,14.019000703729768,36.80874147674154,['CHAC1'],0.11499234424519321,0,0,0.9393310723658924,1
620,Negative Regulation Of Blood Coagulation (GO:0030195),0.0723939657090184,14.019000703729768,36.80874147674154,['SERPINE1'],0.11499234424519321,0,0,0.9393310723658924,1
621,Negative Regulation Of Carbohydrate Metabolic Process (GO:0045912),0.0723939657090184,14.019000703729768,36.80874147674154,['USP7'],0.11499234424519321,0,0,0.9393310723658924,1
622,Regulation Of Cell Migration Involved In Sprouting Angiogenesis (GO:0090049),0.0723939657090184,14.019000703729768,36.80874147674154,['HMOX1'],0.11499234424519321,0,0,0.9393310723658924,1
623,Negative Regulation Of Developmental Growth (GO:0048640),0.07471646000262763,13.551020408163266,35.15209038871121,['CDKN1A'],0.11625175194109623,0,0,0.9346004934692556,1
624,B Cell Proliferation (GO:0042100),0.07471646000262763,13.551020408163266,35.15209038871121,['CD40'],0.11625175194109623,0,0,0.9346004934692556,1
625,Regulation Of Gluconeogenesis (GO:0006111),0.07471646000262763,13.551020408163266,35.15209038871121,['USP7'],0.11625175194109623,0,0,0.9346004934692556,1
626,acyl-CoA Metabolic Process (GO:0006637),0.07471646000262763,13.551020408163266,35.15209038871121,['HMGCS1'],0.11625175194109623,0,0,0.9346004934692556,1
627,Regulation Of Macrophage Activation (GO:0043030),0.07471646000262763,13.551020408163266,35.15209038871121,['TLR4'],0.11625175194109623,0,0,0.9346004934692556,1
628,Response To Estradiol (GO:0032355),0.07471646000262763,13.551020408163266,35.15209038871121,['NRIP1'],0.11625175194109623,0,0,0.9346004934692556,1
629,Positive Regulation Of Cholesterol Transport (GO:0032376),0.07471646000262763,13.551020408163266,35.15209038871121,['NFKBIA'],0.11625175194109623,0,0,0.9346004934692556,1
630,Positive Regulation Of Extrinsic Apoptotic Signaling Pathway (GO:2001238),0.07471646000262763,13.551020408163266,35.15209038871121,['TLR4'],0.11625175194109623,0,0,0.9346004934692556,1
631,Positive Regulation Of Lamellipodium Organization (GO:1902745),0.07471646000262763,13.551020408163266,35.15209038871121,['SRC'],0.11625175194109623,0,0,0.9346004934692556,1
632,Toll-Like Receptor Signaling Pathway (GO:0002224),0.07471646000262763,13.551020408163266,35.15209038871121,['TLR4'],0.11625175194109623,0,0,0.9346004934692556,1
633,Positive Regulation Of Mononuclear Cell Migration (GO:0071677),0.07471646000262763,13.551020408163266,35.15209038871121,['SERPINE1'],0.11625175194109623,0,0,0.9346004934692556,1
634,Triglyceride Homeostasis (GO:0070328),0.07471646000262763,13.551020408163266,35.15209038871121,['XBP1'],0.11625175194109623,0,0,0.9346004934692556,1
635,Protein Localization To Chromatin (GO:0071168),0.07471646000262763,13.551020408163266,35.15209038871121,['PLK1'],0.11625175194109623,0,0,0.9346004934692556,1
636,Regulation Of Cholesterol Efflux (GO:0010874),0.07703325543276686,13.113232389730086,33.61600807740255,['NFKBIA'],0.11873456531602754,0,0,0.9254228333556879,1
637,NIK/NF-kappaB Signaling (GO:0038061),0.07703325543276686,13.113232389730086,33.61600807740255,['NFKBIA'],0.11873456531602754,0,0,0.9254228333556879,1
638,Negative Regulation Of Proteasomal Ubiquitin-Dependent Protein Catabolic Process (GO:0032435),0.07703325543276686,13.113232389730086,33.61600807740255,['USP7'],0.11873456531602754,0,0,0.9254228333556879,1
639,Regulation Of Metaphase/Anaphase Transition Of Cell Cycle (GO:1902099),0.07703325543276686,13.113232389730086,33.61600807740255,['PLK1'],0.11873456531602754,0,0,0.9254228333556879,1
640,Chromosome Condensation (GO:0030261),0.07703325543276686,13.113232389730086,33.61600807740255,['PLK1'],0.11873456531602754,0,0,0.9254228333556879,1
641,Negative Regulation Of G1/S Transition Of Mitotic Cell Cycle (GO:2000134),0.07703325543276686,13.113232389730086,33.61600807740255,['CDKN1A'],0.11873456531602754,0,0,0.9254228333556879,1
642,Negative Regulation Of Small Molecule Metabolic Process (GO:0062014),0.0793443657059371,12.70280612244898,32.18837516559274,['USP7'],0.12078926551227405,0,0,0.9179716595553759,1
643,Regulation Of Sprouting Angiogenesis (GO:1903670),0.0793443657059371,12.70280612244898,32.18837516559274,['E2F2'],0.12078926551227405,0,0,0.9179716595553759,1
644,Positive Regulation Of Notch Signaling Pathway (GO:0045747),0.0793443657059371,12.70280612244898,32.18837516559274,['SRC'],0.12078926551227405,0,0,0.9179716595553759,1
645,Positive Regulation Of RNA Metabolic Process (GO:0051254),0.0793443657059371,12.70280612244898,32.18837516559274,['HSPA1A'],0.12078926551227405,0,0,0.9179716595553759,1
646,Positive Regulation Of Nitrogen Compound Metabolic Process (GO:0051173),0.0793443657059371,12.70280612244898,32.18837516559274,['NFKBIA'],0.12078926551227405,0,0,0.9179716595553759,1
647,Positive Regulation Of Telomerase Activity (GO:0051973),0.0793443657059371,12.70280612244898,32.18837516559274,['MYC'],0.12078926551227405,0,0,0.9179716595553759,1
648,Monoubiquitinated Protein Deubiquitination (GO:0035520),0.0793443657059371,12.70280612244898,32.18837516559274,['USP7'],0.12078926551227405,0,0,0.9179716595553759,1
649,Regulation Of Cell Adhesion Mediated By Integrin (GO:0033628),0.0793443657059371,12.70280612244898,32.18837516559274,['SERPINE1'],0.12078926551227405,0,0,0.9179716595553759,1
650,Defense Response To Virus (GO:0051607),0.08104024470756385,4.403520499108734,11.065207700859313,"['CD40', 'DDIT4']",0.12241275691783575,0,0,0.912173320994947,2
651,Negative Regulation Of Interleukin-6 Production (GO:0032715),0.0816498044624026,12.317254174397032,30.85861216573232,['TLR4'],0.12241275691783575,0,0,0.912173320994947,1
652,Regulation Of Interleukin-17 Production (GO:0032660),0.0816498044624026,12.317254174397032,30.85861216573232,['TLR4'],0.12241275691783575,0,0,0.912173320994947,1
653,Apoptotic Mitochondrial Changes (GO:0008637),0.0816498044624026,12.317254174397032,30.85861216573232,['SFN'],0.12241275691783575,0,0,0.912173320994947,1
654,Cellular Response To Amyloid-Beta (GO:1904646),0.0816498044624026,12.317254174397032,30.85861216573232,['TLR4'],0.12241275691783575,0,0,0.912173320994947,1
655,Cellular Response To Glucose Stimulus (GO:0071333),0.0816498044624026,12.317254174397032,30.85861216573232,['XBP1'],0.12241275691783575,0,0,0.912173320994947,1
656,Sister Chromatid Segregation (GO:0000819),0.0816498044624026,12.317254174397032,30.85861216573232,['PLK1'],0.12241275691783575,0,0,0.912173320994947,1
657,Establishment Of Mitotic Spindle Localization (GO:0040001),0.0816498044624026,12.317254174397032,30.85861216573232,['PLK1'],0.12241275691783575,0,0,0.912173320994947,1
658,Positive Regulation Of Immunoglobulin Production (GO:0002639),0.0816498044624026,12.317254174397032,30.85861216573232,['XBP1'],0.12241275691783575,0,0,0.912173320994947,1
659,Inner Mitochondrial Membrane Organization (GO:0007007),0.0816498044624026,12.317254174397032,30.85861216573232,['TIMM9'],0.12241275691783575,0,0,0.912173320994947,1
660,Transcription By RNA Polymerase II (GO:0006366),0.08325238225198861,4.333333333333333,10.772140317863167,"['XBP1', 'E2F2']",0.12404483450282476,0,0,0.9064213159836929,2
661,Platelet Aggregation (GO:0070527),0.08394958536129378,11.95438175270108,29.617445035780882,['GNAS'],0.12404483450282476,0,0,0.9064213159836929,1
662,Establishment Of Spindle Orientation (GO:0051294),0.08394958536129378,11.95438175270108,29.617445035780882,['PLK1'],0.12404483450282476,0,0,0.9064213159836929,1
663,Positive Regulation Of Mitotic Nuclear Division (GO:0045840),0.08394958536129378,11.95438175270108,29.617445035780882,['CDC20'],0.12404483450282476,0,0,0.9064213159836929,1
664,Intrinsic Apoptotic Signaling Pathway By P53 Class Mediator (GO:0072332),0.08394958536129378,11.95438175270108,29.617445035780882,['DDIT4'],0.12404483450282476,0,0,0.9064213159836929,1
665,Liver Development (GO:0001889),0.08394958536129378,11.95438175270108,29.617445035780882,['XBP1'],0.12404483450282476,0,0,0.9064213159836929,1
666,Macrophage Activation (GO:0042116),0.08394958536129378,11.95438175270108,29.617445035780882,['TLR4'],0.12404483450282476,0,0,0.9064213159836929,1
667,Negative Regulation Of Cell Cycle G1/S Phase Transition (GO:1902807),0.08394958536129378,11.95438175270108,29.617445035780882,['CDKN1A'],0.12404483450282476,0,0,0.9064213159836929,1
668,Regulation Of Cardiac Muscle Contraction (GO:0055117),0.08394958536129378,11.95438175270108,29.617445035780882,['RGS2'],0.12404483450282476,0,0,0.9064213159836929,1
669,Regulation Of Signal Transduction (GO:0009966),0.08399392133845118,4.31042757417103,10.676975859773291,"['RGS2', 'SRC']",0.12404483450282476,0,0,0.9064213159836929,2
670,Positive Regulation Of Protein Metabolic Process (GO:0051247),0.08623081580636444,4.243127147766323,10.398749122125208,"['NFKBIA', 'PLK1']",0.12567669219854852,0,0,0.900745258417021,2
671,"DNA Damage Response, Signal Transduction By P53 Class Mediator (GO:0030330)",0.08624372197430759,11.612244897959183,28.456712045041098,['CDKN1A'],0.12567669219854852,0,0,0.900745258417021,1
672,Regulation Of Erythrocyte Differentiation (GO:0045646),0.08624372197430759,11.612244897959183,28.456712045041098,['HSPA1A'],0.12567669219854852,0,0,0.900745258417021,1
673,Regulation Of Peptidyl-Threonine Phosphorylation (GO:0010799),0.08624372197430759,11.612244897959183,28.456712045041098,['PLK1'],0.12567669219854852,0,0,0.900745258417021,1
674,Positive Regulation Of RNA Splicing (GO:0033120),0.08624372197430759,11.612244897959183,28.456712045041098,['HSPA1A'],0.12567669219854852,0,0,0.900745258417021,1
675,Substrate Adhesion-Dependent Cell Spreading (GO:0034446),0.08624372197430759,11.612244897959183,28.456712045041098,['KIF14'],0.12567669219854852,0,0,0.900745258417021,1
676,Positive Regulation Of Interferon-Beta Production (GO:0032728),0.08624372197430759,11.612244897959183,28.456712045041098,['TLR4'],0.12567669219854852,0,0,0.900745258417021,1
677,Positive Regulation Of Myeloid Cell Differentiation (GO:0045639),0.08624372197430759,11.612244897959183,28.456712045041098,['HSPA1A'],0.12567669219854852,0,0,0.900745258417021,1
678,Protein Destabilization (GO:0031648),0.08624372197430759,11.612244897959183,28.456712045041098,['PLK1'],0.12567669219854852,0,0,0.900745258417021,1
679,Negative Regulation Of Stress-Activated MAPK Cascade (GO:0032873),0.08853222789026767,11.289115646258503,27.36920368672352,['MYC'],0.12825489905510917,0,0,0.891926036805117,1
680,Regulation Of Vascular Associated Smooth Muscle Cell Proliferation (GO:1904705),0.08853222789026767,11.289115646258503,27.36920368672352,['CDKN1A'],0.12825489905510917,0,0,0.891926036805117,1
681,Positive Regulation Of Immune Effector Process (GO:0002699),0.08853222789026767,11.289115646258503,27.36920368672352,['XBP1'],0.12825489905510917,0,0,0.891926036805117,1
682,Regulation Of Cellular Component Biogenesis (GO:0044087),0.08853222789026767,11.289115646258503,27.36920368672352,['HSPA8'],0.12825489905510917,0,0,0.891926036805117,1
683,Negative Regulation Of Epithelial Cell Apoptotic Process (GO:1904036),0.09081511663134849,10.983452840595698,26.34852930034076,['SERPINE1'],0.1304147314415295,0,0,0.8846733486162812,1
684,Connective Tissue Development (GO:0061448),0.09081511663134849,10.983452840595698,26.34852930034076,['XBP1'],0.1304147314415295,0,0,0.8846733486162812,1
685,Positive Regulation Of Bone Mineralization (GO:0030501),0.09081511663134849,10.983452840595698,26.34852930034076,['CCNA2'],0.1304147314415295,0,0,0.8846733486162812,1
686,Positive Regulation Of Production Of Molecular Mediator Of Immune Response (GO:0002702),0.09081511663134849,10.983452840595698,26.34852930034076,['XBP1'],0.1304147314415295,0,0,0.8846733486162812,1
687,Positive Regulation Of Protein Tyrosine Kinase Activity (GO:0061098),0.09081511663134849,10.983452840595698,26.34852930034076,['SRC'],0.1304147314415295,0,0,0.8846733486162812,1
688,Lymphocyte Proliferation (GO:0046651),0.09081511663134849,10.983452840595698,26.34852930034076,['CD40'],0.1304147314415295,0,0,0.8846733486162812,1
689,Phosphorylation (GO:0016310),0.09187759273693019,2.9253820797123162,6.983759085297501,"['MELK', 'PLK1', 'CDC25B']",0.13139327554885907,0,0,0.8814268605506143,3
690,Defense Response To Bacterium (GO:0042742),0.09228339151793027,4.073432343234323,9.706545652223769,"['SERPINE1', 'TLR4']",0.13139327554885907,0,0,0.8814268605506143,2
691,Regulation Of MAPK Cascade (GO:0043408),0.09228339151793027,4.073432343234323,9.706545652223769,"['CCNA2', 'DUSP6']",0.13139327554885907,0,0,0.8814268605506143,2
692,Negative Regulation Of Mitochondrion Organization (GO:0010823),0.09309240170465724,10.693877551020408,25.38900533231373,['HSPA1A'],0.13139327554885907,0,0,0.8814268605506143,1
693,Negative Regulation Of Proteasomal Protein Catabolic Process (GO:1901799),0.09309240170465724,10.693877551020408,25.38900533231373,['USP7'],0.13139327554885907,0,0,0.8814268605506143,1
694,Negative Regulation Of Ubiquitin-Dependent Protein Catabolic Process (GO:2000059),0.09309240170465724,10.693877551020408,25.38900533231373,['USP7'],0.13139327554885907,0,0,0.8814268605506143,1
695,Regulation Of Nitric Oxide Biosynthetic Process (GO:0045428),0.09309240170465724,10.693877551020408,25.38900533231373,['TLR4'],0.13139327554885907,0,0,0.8814268605506143,1
696,Regulation Of Receptor-Mediated Endocytosis (GO:0048259),0.09309240170465724,10.693877551020408,25.38900533231373,['SERPINE1'],0.13139327554885907,0,0,0.8814268605506143,1
697,Positive Regulation Of ATP-dependent Activity (GO:0032781),0.09309240170465724,10.693877551020408,25.38900533231373,['DNAJB1'],0.13139327554885907,0,0,0.8814268605506143,1
698,Positive Regulation Of Intrinsic Apoptotic Signaling Pathway (GO:2001244),0.09309240170465724,10.693877551020408,25.38900533231373,['MYC'],0.13139327554885907,0,0,0.8814268605506143,1
699,Positive Regulation Of Lymphocyte Differentiation (GO:0045621),0.09309240170465724,10.693877551020408,25.38900533231373,['XBP1'],0.13139327554885907,0,0,0.8814268605506143,1
700,Histone H4 Acetylation (GO:0043967),0.09309240170465724,10.693877551020408,25.38900533231373,['JADE2'],0.13139327554885907,0,0,0.8814268605506143,1
701,Negative Regulation Of Cell Differentiation (GO:0045596),0.09458484725108045,4.013211382113822,9.464187818681536,"['NFKBIA', 'ID2']",0.13330931395730025,0,0,0.8751395065580062,2
702,Protein Stabilization (GO:0050821),0.09535573569552278,3.9935275080906147,9.385351911212885,"['USP7', 'HSPA1A']",0.13364500342783098,0,0,0.8740472735276117,2
703,Negative Regulation Of Mitotic Cell Cycle Phase Transition (GO:1901991),0.09536409657552716,10.419152276295133,24.485561288951835,['CDKN1A'],0.13364500342783098,0,0,0.8740472735276117,1
704,Positive Regulation Of Myeloid Leukocyte Differentiation (GO:0002763),0.09536409657552716,10.419152276295133,24.485561288951835,['ID2'],0.13364500342783098,0,0,0.8740472735276117,1
705,Protein Localization To Chromosome (GO:0034502),0.09536409657552716,10.419152276295133,24.485561288951835,['PLK1'],0.13364500342783098,0,0,0.8740472735276117,1
706,Negative Regulation Of Proteolysis (GO:0045861),0.09763021468476817,10.158163265306122,23.633660200289185,['CHAC1'],0.13624103405162563,0,0,0.8656920687946423,1
707,Carbohydrate Catabolic Process (GO:0016052),0.09763021468476817,10.158163265306122,23.633660200289185,['ALDOC'],0.13624103405162563,0,0,0.8656920687946423,1
708,Positive Regulation Of Ossification (GO:0045778),0.09763021468476817,10.158163265306122,23.633660200289185,['CCNA2'],0.13624103405162563,0,0,0.8656920687946423,1
709,Regulation Of Osteoclast Differentiation (GO:0045670),0.09989076947033614,9.909905425584869,22.829231064333683,['TLR4'],0.13880742649323782,0,0,0.857587297578918,1
710,Branching Morphogenesis Of An Epithelial Tube (GO:0048754),0.09989076947033614,9.909905425584869,22.829231064333683,['MYC'],0.13880742649323782,0,0,0.857587297578918,1
711,Cellular Response To Glucose Starvation (GO:0042149),0.09989076947033614,9.909905425584869,22.829231064333683,['XBP1'],0.13880742649323782,0,0,0.857587297578918,1
712,Regulation Of Chromosome Organization (GO:0033044),0.10214577427941592,9.673469387755102,22.068611238785657,['MYC'],0.13958509680230002,0,0,0.8551609479165275,1
713,DNA-templated DNA Replication Maintenance Of Fidelity (GO:0045005),0.10214577427941592,9.673469387755102,22.068611238785657,['PCNA'],0.13958509680230002,0,0,0.8551609479165275,1
714,SCF-dependent Proteasomal Ubiquitin-Dependent Protein Catabolic Process (GO:0031146),0.10214577427941592,9.673469387755102,22.068611238785657,['KIF14'],0.13958509680230002,0,0,0.8551609479165275,1
715,Regulation Of Primary Metabolic Process (GO:0080090),0.10214577427941592,9.673469387755102,22.068611238785657,['ID2'],0.13958509680230002,0,0,0.8551609479165275,1
716,Response To Amyloid-Beta (GO:1904645),0.10214577427941592,9.673469387755102,22.068611238785657,['TLR4'],0.13958509680230002,0,0,0.8551609479165275,1
717,Positive Regulation Of Biomineral Tissue Development (GO:0070169),0.10214577427941592,9.673469387755102,22.068611238785657,['CCNA2'],0.13958509680230002,0,0,0.8551609479165275,1
718,Ephrin Receptor Signaling Pathway (GO:0048013),0.10214577427941592,9.673469387755102,22.068611238785657,['SRC'],0.13958509680230002,0,0,0.8551609479165275,1
719,Positive Regulation Of Receptor-Mediated Endocytosis (GO:0048260),0.10214577427941592,9.673469387755102,22.068611238785657,['SERPINE1'],0.13958509680230002,0,0,0.8551609479165275,1
720,Intracellular Glucose Homeostasis (GO:0001678),0.10214577427941592,9.673469387755102,22.068611238785657,['XBP1'],0.13958509680230002,0,0,0.8551609479165275,1
721,Intracellular Steroid Hormone Receptor Signaling Pathway (GO:0030518),0.10214577427941592,9.673469387755102,22.068611238785657,['SRC'],0.13958509680230002,0,0,0.8551609479165275,1
722,mRNA Catabolic Process (GO:0006402),0.10214577427941592,9.673469387755102,22.068611238785657,['HSPA1A'],0.13958509680230002,0,0,0.8551609479165275,1
723,Regulation Of Cell-Cell Adhesion (GO:0022407),0.10214577427941592,9.673469387755102,22.068611238785657,['SRC'],0.13958509680230002,0,0,0.8551609479165275,1
724,Negative Regulation Of Immune System Process (GO:0002683),0.10439524246477773,9.448030374940673,21.34849709415977,['HMOX1'],0.140905054037159,0,0,0.8510734291682551,1
725,Bone Development (GO:0060348),0.10439524246477773,9.448030374940673,21.34849709415977,['GNAS'],0.140905054037159,0,0,0.8510734291682551,1
726,Positive Regulation Of Biosynthetic Process (GO:0009891),0.10439524246477773,9.448030374940673,21.34849709415977,['TLR4'],0.140905054037159,0,0,0.8510734291682551,1
727,Positive Regulation Of Cytokine-Mediated Signaling Pathway (GO:0001961),0.10439524246477773,9.448030374940673,21.34849709415977,['HSPA1A'],0.140905054037159,0,0,0.8510734291682551,1
728,Embryonic Organ Morphogenesis (GO:0048562),0.10439524246477773,9.448030374940673,21.34849709415977,['ID2'],0.140905054037159,0,0,0.8510734291682551,1
729,Establishment Of Protein Localization To Mitochondrion (GO:0072655),0.10439524246477773,9.448030374940673,21.34849709415977,['TIMM9'],0.140905054037159,0,0,0.8510734291682551,1
730,Extracellular Matrix Disassembly (GO:0022617),0.10439524246477773,9.448030374940673,21.34849709415977,['MMP1'],0.140905054037159,0,0,0.8510734291682551,1
731,Positive Regulation Of Osteoblast Differentiation (GO:0045669),0.10439524246477773,9.448030374940673,21.34849709415977,['CCNA2'],0.140905054037159,0,0,0.8510734291682551,1
732,Regulation Of B Cell Proliferation (GO:0030888),0.10439524246477773,9.448030374940673,21.34849709415977,['CD40'],0.140905054037159,0,0,0.8510734291682551,1
733,Proteasomal Protein Catabolic Process (GO:0010498),0.10474650016810533,3.771406727828746,8.509093614113079,"['XBP1', 'KIF14']",0.14118627853490867,0,0,0.8502075089934188,2
734,Negative Regulation Of Nucleic Acid-Templated Transcription (GO:1903507),0.10545531552405557,2.747217134000282,6.1797769367214,"['HSPA8', 'ID2', 'IKZF1']",0.14186918647574182,0,0,0.8481119216441967,3
735,Positive Regulation Of Cell Motility (GO:2000147),0.10554033609278364,3.7539954337899544,8.441467129790793,"['CCNA2', 'XBP1']",0.14186918647574182,0,0,0.8481119216441967,2
736,Chromosome Organization (GO:0051276),0.10663918735293466,9.232838589981448,20.665901611884028,['MYC'],0.14257038850432943,0,0,0.8459706669426641,1
737,Epidermal Growth Factor Receptor Signaling Pathway (GO:0007173),0.10663918735293466,9.232838589981448,20.665901611884028,['SRC'],0.14257038850432943,0,0,0.8459706669426641,1
738,Hexose Metabolic Process (GO:0019318),0.10663918735293466,9.232838589981448,20.665901611884028,['ALDOC'],0.14257038850432943,0,0,0.8459706669426641,1
739,Mitotic Nuclear Division (GO:0140014),0.10663918735293466,9.232838589981448,20.665901611884028,['PLK1'],0.14257038850432943,0,0,0.8459706669426641,1
740,Regulation Of Cytokine Production Involved In Inflammatory Response (GO:1900015),0.10887762220856746,9.02721088435374,20.018117808730278,['TLR4'],0.14361961380782998,0,0,0.8427862454222029,1
741,Regulation Of Interleukin-10 Production (GO:0032653),0.10887762220856746,9.02721088435374,20.018117808730278,['TLR4'],0.14361961380782998,0,0,0.8427862454222029,1
742,Regulation Of Nervous System Development (GO:0051960),0.10887762220856746,9.02721088435374,20.018117808730278,['KIF14'],0.14361961380782998,0,0,0.8427862454222029,1
743,Cellular Component Disassembly (GO:0022411),0.10887762220856746,9.02721088435374,20.018117808730278,['MMP1'],0.14361961380782998,0,0,0.8427862454222029,1
744,Replication Fork Processing (GO:0031297),0.10887762220856746,9.02721088435374,20.018117808730278,['PCNA'],0.14361961380782998,0,0,0.8427862454222029,1
745,Response To Glucose (GO:0009749),0.10887762220856746,9.02721088435374,20.018117808730278,['XBP1'],0.14361961380782998,0,0,0.8427862454222029,1
746,Response To Hydrogen Peroxide (GO:0042542),0.10887762220856746,9.02721088435374,20.018117808730278,['HMOX1'],0.14361961380782998,0,0,0.8427862454222029,1
747,Vacuolar Transport (GO:0007034),0.10887762220856746,9.02721088435374,20.018117808730278,['HSPA1A'],0.14361961380782998,0,0,0.8427862454222029,1
748,Homotypic Cell-Cell Adhesion (GO:0034109),0.10887762220856746,9.02721088435374,20.018117808730278,['GNAS'],0.14361961380782998,0,0,0.8427862454222029,1
749,Negative Regulation Of Cold-Induced Thermogenesis (GO:0120163),0.10887762220856746,9.02721088435374,20.018117808730278,['TLR4'],0.14361961380782998,0,0,0.8427862454222029,1
750,Negative Regulation Of Tumor Necrosis Factor Production (GO:0032720),0.11111056030365549,8.830523513753327,19.402687070536402,['TLR4'],0.14540030937749882,0,0,0.8374346693999685,1
751,Regulation Of Signal Transduction By P53 Class Mediator (GO:1901796),0.11111056030365549,8.830523513753327,19.402687070536402,['USP7'],0.14540030937749882,0,0,0.8374346693999685,1
752,Regulation Of Wound Healing (GO:0061041),0.11111056030365549,8.830523513753327,19.402687070536402,['SERPINE1'],0.14540030937749882,0,0,0.8374346693999685,1
753,Positive Regulation Of TOR Signaling (GO:0032008),0.11111056030365549,8.830523513753327,19.402687070536402,['RRAGA'],0.14540030937749882,0,0,0.8374346693999685,1
754,Response To Organonitrogen Compound (GO:0010243),0.11111056030365549,8.830523513753327,19.402687070536402,['XBP1'],0.14540030937749882,0,0,0.8374346693999685,1
755,Regulation Of T Cell Differentiation (GO:0045580),0.11111056030365549,8.830523513753327,19.402687070536402,['XBP1'],0.14540030937749882,0,0,0.8374346693999685,1
756,Regulation Of Intrinsic Apoptotic Signaling Pathway (GO:2001242),0.11333801483691312,8.642205818497612,18.81737166641443,['SRC'],0.14714580638484911,0,0,0.8322521106616979,1
757,Cellular Defense Response (GO:0006968),0.11333801483691312,8.642205818497612,18.81737166641443,['FOSL1'],0.14714580638484911,0,0,0.8322521106616979,1
758,Cellular Response To Radiation (GO:0071478),0.11333801483691312,8.642205818497612,18.81737166641443,['CDKN1A'],0.14714580638484911,0,0,0.8322521106616979,1
759,Regulation Of Tumor Necrosis Factor-Mediated Signaling Pathway (GO:0010803),0.11333801483691312,8.642205818497612,18.81737166641443,['HSPA1A'],0.14714580638484911,0,0,0.8322521106616979,1
760,Post-Translational Protein Modification (GO:0043687),0.11333801483691312,8.642205818497612,18.81737166641443,['CCNA2'],0.14714580638484911,0,0,0.8322521106616979,1
761,Regulation Of DNA Binding (GO:0051101),0.11333801483691312,8.642205818497612,18.81737166641443,['NFKBIA'],0.14714580638484911,0,0,0.8322521106616979,1
762,Negative Regulation Of Multicellular Organismal Process (GO:0051241),0.11356860527810331,3.5882459970887917,7.805684373606142,"['RGS2', 'TLR4']",0.14725168243407621,0,0,0.8319397344514803,2
763,Negative Regulation Of Tumor Necrosis Factor Superfamily Cytokine Production (GO:1903556),0.11555999902224065,8.46173469387755,18.260130793597916,['TLR4'],0.14924611638427943,0,0,0.826096961068419,1
764,Neurogenesis (GO:0022008),0.11555999902224065,8.46173469387755,18.260130793597916,['CHAC1'],0.14924611638427943,0,0,0.826096961068419,1
765,Negative Regulation Of DNA Metabolic Process (GO:0051053),0.11555999902224065,8.46173469387755,18.260130793597916,['CDKN1A'],0.14924611638427943,0,0,0.826096961068419,1
766,Regulation Of Epithelial Cell Migration (GO:0010632),0.1177765260040411,8.28862973760933,17.7290996615035,['SRC'],0.15112104895063974,0,0,0.8206750405818978,1
767,Regulation Of Interferon-Beta Production (GO:0032648),0.1177765260040411,8.28862973760933,17.7290996615035,['TLR4'],0.15112104895063974,0,0,0.8206750405818978,1
768,Mitotic Metaphase Plate Congression (GO:0007080),0.1177765260040411,8.28862973760933,17.7290996615035,['KIF14'],0.15112104895063974,0,0,0.8206750405818978,1
769,Pyruvate Metabolic Process (GO:0006090),0.1177765260040411,8.28862973760933,17.7290996615035,['ALDOC'],0.15112104895063974,0,0,0.8206750405818978,1
770,Regulation Of TORC1 Signaling (GO:1903432),0.1177765260040411,8.28862973760933,17.7290996615035,['RRAGA'],0.15112104895063974,0,0,0.8206750405818978,1
771,"Negative Regulation Of Gene Expression, Epigenetic (GO:0045814)",0.11998760892209076,8.122448979591837,17.22257115519733,['USP7'],0.15276772888534235,0,0,0.8159683777447496,1
772,Regulation Of Stress-Activated MAPK Cascade (GO:0032872),0.11998760892209076,8.122448979591837,17.22257115519733,['MYC'],0.15276772888534235,0,0,0.8159683777447496,1
773,Regulation Of Telomere Maintenance Via Telomerase (GO:0032210),0.11998760892209076,8.122448979591837,17.22257115519733,['SRC'],0.15276772888534235,0,0,0.8159683777447496,1
774,Sensory Perception (GO:0007600),0.11998760892209076,8.122448979591837,17.22257115519733,['GNAS'],0.15276772888534235,0,0,0.8159683777447496,1
775,Metaphase Plate Congression (GO:0051310),0.11998760892209076,8.122448979591837,17.22257115519733,['KIF14'],0.15276772888534235,0,0,0.8159683777447496,1
776,Negative Regulation Of MAP Kinase Activity (GO:0043407),0.11998760892209076,8.122448979591837,17.22257115519733,['RGS2'],0.15276772888534235,0,0,0.8159683777447496,1
777,Regulation Of Protein Localization To Nucleus (GO:1900180),0.12219326087078625,7.9627851140456185,16.738979733033663,['PLK1'],0.15497681866538743,0,0,0.8097332584659338,1
778,Regulation Of Proteolysis (GO:0030162),0.12219326087078625,7.9627851140456185,16.738979733033663,['PLK1'],0.15497681866538743,0,0,0.8097332584659338,1
779,Cellular Response To Ionizing Radiation (GO:0071479),0.12219326087078625,7.9627851140456185,16.738979733033663,['CDKN1A'],0.15497681866538743,0,0,0.8097332584659338,1
780,Negative Regulation Of Metabolic Process (GO:0009892),0.12439349491287167,7.8092621664050235,16.276887238960814,['TLR4'],0.15696139587984317,0,0,0.8042071477048398,1
781,Regulation Of Macromolecule Biosynthetic Process (GO:0010556),0.12439349491287167,7.8092621664050235,16.276887238960814,['JADE2'],0.15696139587984317,0,0,0.8042071477048398,1
782,Positive Regulation Of NIK/NF-kappaB Signaling (GO:1901224),0.12439349491287167,7.8092621664050235,16.276887238960814,['TLR4'],0.15696139587984317,0,0,0.8042071477048398,1
783,Mitochondrial Transport (GO:0006839),0.12439349491287167,7.8092621664050235,16.276887238960814,['TIMM9'],0.15696139587984317,0,0,0.8042071477048398,1
784,Positive Regulation Of Programmed Cell Death (GO:0043068),0.12506531672384827,3.3791152263374484,7.024907335039041,"['MELK', 'DUSP6']",0.1576078226060741,0,0,0.8024222308163834,2
785,ERBB Signaling Pathway (GO:0038127),0.1265883240687765,7.661532537543319,15.834970375184442,['SRC'],0.15791573760094843,0,0,0.8015745868209058,1
786,Regulation Of Focal Adhesion Assembly (GO:0051893),0.1265883240687765,7.661532537543319,15.834970375184442,['SRC'],0.15791573760094843,0,0,0.8015745868209058,1
787,Negative Regulation Of Protein Modification By Small Protein Conjugation Or Removal (GO:1903321),0.1265883240687765,7.661532537543319,15.834970375184442,['HSPA1A'],0.15791573760094843,0,0,0.8015745868209058,1
788,Regulation Of Lipid Metabolic Process (GO:0019216),0.1265883240687765,7.661532537543319,15.834970375184442,['ID2'],0.15791573760094843,0,0,0.8015745868209058,1
789,Peptidyl-Tyrosine Modification (GO:0018212),0.1265883240687765,7.661532537543319,15.834970375184442,['SRC'],0.15791573760094843,0,0,0.8015745868209058,1
790,Positive Regulation Of Leukocyte Chemotaxis (GO:0002690),0.1265883240687765,7.661532537543319,15.834970375184442,['SERPINE1'],0.15791573760094843,0,0,0.8015745868209058,1
791,Negative Regulation Of TOR Signaling (GO:0032007),0.1265883240687765,7.661532537543319,15.834970375184442,['DDIT4'],0.15791573760094843,0,0,0.8015745868209058,1
792,Regulation Of Blood Vessel Endothelial Cell Migration (GO:0043535),0.1265883240687765,7.661532537543319,15.834970375184442,['CD40'],0.15791573760094843,0,0,0.8015745868209058,1
793,Neuron Migration (GO:0001764),0.12877776139221664,7.519274376417234,15.412009607623004,['DDIT4'],0.16024235296663733,0,0,0.7952226865744145,1
794,Positive Regulation Of Tyrosine Phosphorylation Of STAT Protein (GO:0042531),0.12877776139221664,7.519274376417234,15.412009607623004,['CD40'],0.16024235296663733,0,0,0.7952226865744145,1
795,Nucleotide-Excision Repair (GO:0006289),0.13096181981447472,7.382189239332097,15.00687933540933,['USP7'],0.1617378474708763,0,0,0.7911883411050938,1
796,Pattern Recognition Receptor Signaling Pathway (GO:0002221),0.13096181981447472,7.382189239332097,15.00687933540933,['TLR4'],0.1617378474708763,0,0,0.7911883411050938,1
797,Regulation Of Reactive Oxygen Species Metabolic Process (GO:2000377),0.13096181981447472,7.382189239332097,15.00687933540933,['CDKN1A'],0.1617378474708763,0,0,0.7911883411050938,1
798,Regulation Of Stem Cell Population Maintenance (GO:2000036),0.13096181981447472,7.382189239332097,15.00687933540933,['MYC'],0.1617378474708763,0,0,0.7911883411050938,1
799,Positive Regulation Of DNA-templated Transcription Initiation (GO:2000144),0.13096181981447472,7.382189239332097,15.00687933540933,['FOSL1'],0.1617378474708763,0,0,0.7911883411050938,1
800,Positive Regulation Of Cellular Metabolic Process (GO:0031325),0.13096181981447472,7.382189239332097,15.00687933540933,['CDKN1A'],0.1617378474708763,0,0,0.7911883411050938,1
801,RNA Catabolic Process (GO:0006401),0.13314051228520932,7.25,14.618539131965724,['HSPA1A'],0.16381422931231235,0,0,0.7856483770358068,1
802,Chemokine-Mediated Signaling Pathway (GO:0070098),0.13314051228520932,7.25,14.618539131965724,['CXCL2'],0.16381422931231235,0,0,0.7856483770358068,1
803,Myeloid Cell Differentiation (GO:0030099),0.13314051228520932,7.25,14.618539131965724,['IKZF1'],0.16381422931231235,0,0,0.7856483770358068,1
804,Response To Organic Cyclic Compound (GO:0014070),0.13531385173981347,7.122448979591836,14.246025949065045,['SPP1'],0.16586859245525523,0,0,0.7802358407067026,1
805,Positive Regulation Of Type II Interferon Production (GO:0032729),0.13531385173981347,7.122448979591836,14.246025949065045,['TLR4'],0.16586859245525523,0,0,0.7802358407067026,1
806,Regulation Of Bone Mineralization (GO:0030500),0.13531385173981347,7.122448979591836,14.246025949065045,['CCNA2'],0.16586859245525523,0,0,0.7802358407067026,1
807,DNA-templated Transcription Initiation (GO:0006352),0.1374818510452552,6.9992962702322306,13.8884471557023,['E2F2'],0.16728087294668983,0,0,0.7765537138409035,1
808,Regulation Of Multicellular Organismal Development (GO:2000026),0.1374818510452552,6.9992962702322306,13.8884471557023,['DUSP6'],0.16728087294668983,0,0,0.7765537138409035,1
809,Cellular Response To Chemokine (GO:1990869),0.1374818510452552,6.9992962702322306,13.8884471557023,['CXCL2'],0.16728087294668983,0,0,0.7765537138409035,1
810,Positive Regulation Of Proteolysis (GO:0045862),0.1374818510452552,6.9992962702322306,13.8884471557023,['PLK1'],0.16728087294668983,0,0,0.7765537138409035,1
811,Microtubule Cytoskeleton Organization Involved In Mitosis (GO:1902850),0.1374818510452552,6.9992962702322306,13.8884471557023,['PLK1'],0.16728087294668983,0,0,0.7765537138409035,1
812,Protein Targeting To Mitochondrion (GO:0006626),0.1374818510452552,6.9992962702322306,13.8884471557023,['TIMM9'],0.16728087294668983,0,0,0.7765537138409035,1
813,Negative Regulation Of Peptidase Activity (GO:0010466),0.13964452305344063,6.88031822898651,13.544974303558986,['SERPINE1'],0.1694948265071245,0,0,0.7708435532349256,1
814,protein-DNA Complex Organization (GO:0071824),0.13964452305344063,6.88031822898651,13.544974303558986,['MYC'],0.1694948265071245,0,0,0.7708435532349256,1
815,Negative Regulation Of Autophagy (GO:0010507),0.1418018805927374,6.76530612244898,13.214837540593157,['RRAGA'],0.1719021570866559,0,0,0.7647186736040825,1
816,Positive Regulation Of Signal Transduction (GO:0009967),0.1428070813555834,3.1070075757575757,6.047046555927847,"['XBP1', 'SRC']",0.17290857399426027,0,0,0.762183470889919,2
817,Negative Regulation Of Signal Transduction (GO:0009968),0.14366529162830047,3.095125786163522,6.005376764494242,"['RGS2', 'CHAC1']",0.17365871701089255,0,0,0.7603034118653837,2
818,Negative Regulation Of Kinase Activity (GO:0033673),0.14395393646955568,6.654064904650385,12.897320592663672,['SFN'],0.17365871701089255,0,0,0.7603034118653837,1
819,Positive Regulation Of Apoptotic Signaling Pathway (GO:2001235),0.14395393646955568,6.654064904650385,12.897320592663672,['TLR4'],0.17365871701089255,0,0,0.7603034118653837,1
820,Positive Regulation Of Apoptotic Process (GO:0043065),0.14624666538213857,3.0600124378109452,5.882753328645588,"['MELK', 'DUSP6']",0.17620939682628403,0,0,0.7539709354189431,2
821,Positive Regulation Of T Cell Differentiation (GO:0045582),0.14824219418025958,6.442176870748299,12.297522293260638,['XBP1'],0.1779626826854149,0,0,0.7496710561343162,1
822,Positive Regulation Of Cysteine-Type Endopeptidase Activity (GO:2001056),0.14824219418025958,6.442176870748299,12.297522293260638,['MYC'],0.1779626826854149,0,0,0.7496710561343162,1
823,Positive Regulation Of Type I Interferon Production (GO:0032481),0.14824219418025958,6.442176870748299,12.297522293260638,['TLR4'],0.1779626826854149,0,0,0.7496710561343162,1
824,Antimicrobial Humoral Immune Response Mediated By Antimicrobial Peptide (GO:0061844),0.15037842149138922,6.341198979591836,12.01403781811508,['CXCL2'],0.17965402712635134,0,0,0.7455630432010527,1
825,Regulation Of Tyrosine Phosphorylation Of STAT Protein (GO:0042509),0.15037842149138922,6.341198979591836,12.01403781811508,['CD40'],0.17965402712635134,0,0,0.7455630432010527,1
826,Fatty Acid Biosynthetic Process (GO:0006633),0.15037842149138922,6.341198979591836,12.01403781811508,['XBP1'],0.17965402712635134,0,0,0.7455630432010527,1
827,Monocarboxylic Acid Biosynthetic Process (GO:0072330),0.15037842149138922,6.341198979591836,12.01403781811508,['XBP1'],0.17965402712635134,0,0,0.7455630432010527,1
828,Negative Regulation Of Endopeptidase Activity (GO:0010951),0.15250939797562668,6.243328100470958,11.740759916332207,['SERPINE1'],0.18110491009605667,0,0,0.7420697749829284,1
829,Negative Regulation Of Immune Response (GO:0050777),0.15250939797562668,6.243328100470958,11.740759916332207,['SRC'],0.18110491009605667,0,0,0.7420697749829284,1
830,Regulation Of Endocytosis (GO:0030100),0.15250939797562668,6.243328100470958,11.740759916332207,['SRC'],0.18110491009605667,0,0,0.7420697749829284,1
831,Cellular Response To Type II Interferon (GO:0071346),0.15250939797562668,6.243328100470958,11.740759916332207,['TLR4'],0.18110491009605667,0,0,0.7420697749829284,1
832,Response To Reactive Oxygen Species (GO:0000302),0.15250939797562668,6.243328100470958,11.740759916332207,['HMOX1'],0.18110491009605667,0,0,0.7420697749829284,1
833,Activation Of Cysteine-Type Endopeptidase Activity Involved In Apoptotic Process (GO:0006919),0.15463513630999146,6.148423005565863,11.477180657220888,['CASP10'],0.18275061563908082,0,0,0.7381411513429867,1
834,Peptidyl-Tyrosine Phosphorylation (GO:0018108),0.15463513630999146,6.148423005565863,11.477180657220888,['SRC'],0.18275061563908082,0,0,0.7381411513429867,1
835,Extrinsic Apoptotic Signaling Pathway (GO:0097191),0.15463513630999146,6.148423005565863,11.477180657220888,['CASP10'],0.18275061563908082,0,0,0.7381411513429867,1
836,Negative Regulation Of Cellular Catabolic Process (GO:0031330),0.15463513630999146,6.148423005565863,11.477180657220888,['RRAGA'],0.18275061563908082,0,0,0.7381411513429867,1
837,Transmembrane Receptor Protein Tyrosine Kinase Signaling Pathway (GO:0007169),0.15841931421733033,2.9060283687943262,5.354385963176766,"['SRC', 'DDIT4']",0.18664030617665325,0,0,0.7289945617693727,2
838,DNA-templated DNA Replication (GO:0006261),0.15887094888113906,5.966986794717887,10.977245117600177,['POLE2'],0.18664030617665325,0,0,0.7289945617693727,1
839,Regulation Of Endopeptidase Activity (GO:0052548),0.15887094888113906,5.966986794717887,10.977245117600177,['SERPINE1'],0.18664030617665325,0,0,0.7289945617693727,1
840,Phagocytosis (GO:0006909),0.15887094888113906,5.966986794717887,10.977245117600177,['TLR4'],0.18664030617665325,0,0,0.7289945617693727,1
841,Positive Regulation Of Phosphatidylinositol 3-Kinase Signaling (GO:0014068),0.15887094888113906,5.966986794717887,10.977245117600177,['SRC'],0.18664030617665325,0,0,0.7289945617693727,1
842,Neutrophil Chemotaxis (GO:0030593),0.16098104828531062,5.880212954747116,10.740024519792764,['CXCL2'],0.18844700913019774,0,0,0.7248107509103636,1
843,Regulation Of G Protein-Coupled Receptor Signaling Pathway (GO:0008277),0.16098104828531062,5.880212954747116,10.740024519792764,['RGS2'],0.18844700913019774,0,0,0.7248107509103636,1
844,Regulation Of Cellular Biosynthetic Process (GO:0031326),0.16098104828531062,5.880212954747116,10.740024519792764,['JADE2'],0.18844700913019774,0,0,0.7248107509103636,1
845,Negative Regulation Of Protein Binding (GO:0032091),0.16308595979881008,5.795918367346939,10.51076961698872,['CDKN1A'],0.19001052863351928,0,0,0.721222333780048,1
846,Negative Regulation Of Supramolecular Fiber Organization (GO:1902904),0.16308595979881008,5.795918367346939,10.51076961698872,['HSPA8'],0.19001052863351928,0,0,0.721222333780048,1
847,Lipid Biosynthetic Process (GO:0008610),0.16308595979881008,5.795918367346939,10.51076961698872,['XBP1'],0.19001052863351928,0,0,0.721222333780048,1
848,Myeloid Leukocyte Differentiation (GO:0002573),0.16308595979881008,5.795918367346939,10.51076961698872,['CASP10'],0.19001052863351928,0,0,0.721222333780048,1
849,DNA Repair (GO:0006281),0.1645775944204501,2.834630911188005,5.114731825200278,"['PCNA', 'POLE2']",0.1915225715988277,0,0,0.71778003556923,2
850,Transforming Growth Factor Beta Receptor Signaling Pathway (GO:0007179),0.16518569591012358,5.713998275366484,10.289111031016239,['SRC'],0.19155336567981468,0,0,0.7177102128621619,1
851,Positive Regulation Of Protein Localization To Nucleus (GO:1900182),0.16518569591012358,5.713998275366484,10.289111031016239,['PLK1'],0.19155336567981468,0,0,0.7177102128621619,1
852,Negative Regulation Of Cell Adhesion (GO:0007162),0.16518569591012358,5.713998275366484,10.289111031016239,['SERPINE1'],0.19155336567981468,0,0,0.7177102128621619,1
853,DNA Replication (GO:0006260),0.1672802691231711,5.634353741496598,10.074701240888364,['POLE2'],0.19352799284975766,0,0,0.7132562075912944,1
854,Granulocyte Chemotaxis (GO:0071621),0.1672802691231711,5.634353741496598,10.074701240888364,['CXCL2'],0.19352799284975766,0,0,0.7132562075912944,1
855,Negative Regulation Of Neuron Apoptotic Process (GO:0043524),0.16936969182663447,5.556891249650545,9.867213018330611,['KIF14'],0.1952593413357233,0,0,0.7093881800190895,1
856,Positive Regulation Of Lymphocyte Proliferation (GO:0050671),0.16936969182663447,5.556891249650545,9.867213018330611,['CD40'],0.1952593413357233,0,0,0.7093881800190895,1
857,Gland Development (GO:0048732),0.16936969182663447,5.556891249650545,9.867213018330611,['XBP1'],0.1952593413357233,0,0,0.7093881800190895,1
858,Regulation Of Intracellular Signal Transduction (GO:1902531),0.1698908219814068,2.776129943502825,4.920965916510137,"['NFKBIA', 'USP7']",0.19563185561495328,0,0,0.7085604256662802,2
859,Negative Regulation Of Phosphorylation (GO:0042326),0.1714539764404576,5.4815223386651954,9.666337985731483,['CDKN1A'],0.19697270781764198,0,0,0.7055939447283238,1
860,Regulation Of BMP Signaling Pathway (GO:0030510),0.1714539764404576,5.4815223386651954,9.666337985731483,['CCNA2'],0.19697270781764198,0,0,0.7055939447283238,1
861,Transcription Initiation At RNA Polymerase II Promoter (GO:0006367),0.17353313536390655,5.408163265306122,9.4717853003048,['E2F2'],0.19866829402032404,0,0,0.7018714375239617,1
862,Positive Regulation Of Protein Secretion (GO:0050714),0.17353313536390655,5.408163265306122,9.4717853003048,['TLR4'],0.19866829402032404,0,0,0.7018714375239617,1
863,Regulation Of Ras Protein Signal Transduction (GO:0046578),0.17353313536390655,5.408163265306122,9.4717853003048,['KIF14'],0.19866829402032404,0,0,0.7018714375239617,1
864,Actomyosin Structure Organization (GO:0031032),0.1756071809118701,5.336734693877551,9.283280446293812,['SRC'],0.19965465447747718,0,0,0.6997205607998612,1
865,Negative Regulation Of Transforming Growth Factor Beta Receptor Signaling Pathway (GO:0030512),0.1756071809118701,5.336734693877551,9.283280446293812,['HSPA1A'],0.19965465447747718,0,0,0.6997205607998612,1
866,Neutrophil Migration (GO:1990266),0.1756071809118701,5.336734693877551,9.283280446293812,['CXCL2'],0.19965465447747718,0,0,0.6997205607998612,1
867,Positive Regulation Of Endothelial Cell Proliferation (GO:0001938),0.1756071809118701,5.336734693877551,9.283280446293812,['HMOX1'],0.19965465447747718,0,0,0.6997205607998612,1
868,Positive Regulation Of Response To Stimulus (GO:0048584),0.1756071809118701,5.336734693877551,9.283280446293812,['PCNA'],0.19965465447747718,0,0,0.6997205607998612,1
869,Monoatomic Cation Homeostasis (GO:0055080),0.1756071809118701,5.336734693877551,9.283280446293812,['HMOX1'],0.19965465447747718,0,0,0.6997205607998612,1
870,Negative Regulation Of Protein Modification Process (GO:0031400),0.17767612543797884,5.267161410018553,9.10056411919043,['CDKN1A'],0.20154306766099092,0,0,0.6956321353841913,1
871,Positive Regulation Of Tumor Necrosis Factor Production (GO:0032760),0.17767612543797884,5.267161410018553,9.10056411919043,['TLR4'],0.20154306766099092,0,0,0.6956321353841913,1
872,Regulation Of Neuron Differentiation (GO:0045664),0.17973998119355442,5.199372056514914,8.923391206941128,['ID2'],0.203417069208742,0,0,0.6916126072041564,1
873,Positive Regulation Of Endocytosis (GO:0045807),0.17973998119355442,5.199372056514914,8.923391206941128,['SERPINE1'],0.203417069208742,0,0,0.6916126072041564,1
874,Positive Regulation Of MAPK Cascade (GO:0043410),0.181502535739734,2.6571969696969697,4.53446850958879,"['CD40', 'TLR4']",0.20504243763087737,0,0,0.6881562437173644,2
875,Positive Regulation Of Immune Response (GO:0050778),0.181798760490535,5.133298889175924,8.751529842637671,['XBP1'],0.20504243763087737,0,0,0.6881562437173644,1
876,Wound Healing (GO:0042060),0.181798760490535,5.133298889175924,8.751529842637671,['HMOX1'],0.20504243763087737,0,0,0.6881562437173644,1
877,Activation Of Protein Kinase Activity (GO:0032147),0.18385247549919195,5.0688775510204085,8.584760541358477,['KIF14'],0.206886384730298,0,0,0.6842680894747512,1
878,Histone Modification (GO:0016570),0.18385247549919195,5.0688775510204085,8.584760541358477,['JADE2'],0.206886384730298,0,0,0.6842680894747512,1
879,Regulation Of Phosphorylation (GO:0042325),0.1859011384602527,5.00604686318972,8.422875391899517,['CDKN1A'],0.20871627818037464,0,0,0.6804436781591644,1
880,Positive Regulation Of Tumor Necrosis Factor Superfamily Cytokine Production (GO:1903557),0.1859011384602527,5.00604686318972,8.422875391899517,['TLR4'],0.20871627818037464,0,0,0.6804436781591644,1
881,Proteasome-Mediated Ubiquitin-Dependent Protein Catabolic Process (GO:0043161),0.1896128967087776,2.580573080967403,4.290901233039805,"['CDC20', 'KIF14']",0.21264193183685842,0,0,0.6723510908488768,2
882,Positive Regulation Of Protein Ubiquitination (GO:0031398),0.1899833569114356,4.884927464961889,8.112979399077096,['PLK1'],0.2128158238418349,0,0,0.6719960833709046,1
883,Regulation Of Osteoblast Differentiation (GO:0045667),0.19201693664513086,4.826530612244898,7.964604221414354,['CCNA2'],0.21364046554660956,0,0,0.6703164843253338,1
884,Positive Regulation Of Endothelial Cell Migration (GO:0010595),0.19201693664513086,4.826530612244898,7.964604221414354,['CD40'],0.21364046554660956,0,0,0.6703164843253338,1
885,Positive Regulation Of Protein Localization (GO:1903829),0.19201693664513086,4.826530612244898,7.964604221414354,['PLK1'],0.21364046554660956,0,0,0.6703164843253338,1
886,Integrin-Mediated Signaling Pathway (GO:0007229),0.19201693664513086,4.826530612244898,7.964604221414354,['SRC'],0.21364046554660956,0,0,0.6703164843253338,1
887,mRNA Metabolic Process (GO:0016071),0.19201693664513086,4.826530612244898,7.964604221414354,['HSPA1A'],0.21364046554660956,0,0,0.6703164843253338,1
888,Mitotic Spindle Organization (GO:0007052),0.19201693664513086,4.826530612244898,7.964604221414354,['PLK1'],0.21364046554660956,0,0,0.6703164843253338,1
889,Regulation Of Type II Interferon Production (GO:0032649),0.19606909758966404,4.713811105837684,7.6801565438185,['TLR4'],0.2179035640254084,0,0,0.6617356663856399,1
890,Negative Regulation Of Neuron Death (GO:1901215),0.19808770290364253,4.659394792399718,7.5437717166037235,['KIF14'],0.21989960726831326,0,0,0.6577755462706636,1
891,ERAD Pathway (GO:0036503),0.20010134077429026,4.6062152133580705,7.411084001248333,['XBP1'],0.22114107906599417,0,0,0.6553305755824483,1
892,Cellular Response To Chemical Stress (GO:0062197),0.20010134077429026,4.6062152133580705,7.411084001248333,['HSPA1A'],0.22114107906599417,0,0,0.6553305755824483,1
893,Positive Regulation Of DNA Repair (GO:0045739),0.20010134077429026,4.6062152133580705,7.411084001248333,['PCNA'],0.22114107906599417,0,0,0.6553305755824483,1
894,Sensory Perception Of Mechanical Stimulus (GO:0050954),0.20010134077429026,4.6062152133580705,7.411084001248333,['TIMM9'],0.22114107906599417,0,0,0.6553305755824483,1
895,Regulation Of Peptidyl-Tyrosine Phosphorylation (GO:0050730),0.20211002319239676,4.55423068103646,7.281955543769811,['SRC'],0.2228623916451875,0,0,0.651963213166278,1
896,Regulation Of Phosphatidylinositol 3-Kinase Signaling (GO:0014066),0.20211002319239676,4.55423068103646,7.281955543769811,['SRC'],0.2228623916451875,0,0,0.651963213166278,1
897,Regulation Of Epithelial Cell Proliferation (GO:0050678),0.20411376209311863,4.503401360544218,7.156255051106618,['MYC'],0.22457059793764053,0,0,0.6486471046609723,1
898,Lymphocyte Differentiation (GO:0030098),0.20411376209311863,4.503401360544218,7.156255051106618,['IKZF1'],0.22457059793764053,0,0,0.6486471046609723,1
899,Negative Regulation Of Gene Expression (GO:0010629),0.20506698990683503,2.4471057884231535,3.8772398617417148,"['ID2', 'HSPA1A']",0.22536839380194995,0,0,0.647106990507629,2
900,B Cell Activation (GO:0042113),0.20611256943631576,4.453689167974883,7.03385741012878,['CD40'],0.22601467103560485,0,0,0.6458633690693782,1
901,Sensory Perception Of Sound (GO:0007605),0.20611256943631576,4.453689167974883,7.03385741012878,['TIMM9'],0.22601467103560485,0,0,0.6458633690693782,1
902,Positive Regulation Of Cellular Component Biogenesis (GO:0044089),0.2081064570390282,4.40505767524401,6.914643337844717,['MMP1'],0.22769565842143946,0,0,0.6426452501999101,1
903,Positive Regulation Of Protein Kinase B Signaling (GO:0051897),0.2081064570390282,4.40505767524401,6.914643337844717,['SRC'],0.22769565842143946,0,0,0.6426452501999101,1
904,Positive Regulation Of Epithelial Cell Migration (GO:0010634),0.2120795205832498,4.310898827616153,6.685315939697291,['SRC'],0.2315299075538683,0,0,0.6353929016366181,1
905,Positive Regulation Of Transmembrane Receptor Protein Serine/Threonine Kinase Signaling Pathway (GO:0090100),0.2120795205832498,4.310898827616153,6.685315939697291,['CCNA2'],0.2315299075538683,0,0,0.6353929016366181,1
906,Regulation Of Protein Metabolic Process (GO:0051246),0.2140587201245348,4.26530612244898,6.5749903239841245,['NFKBIA'],0.23317532026796073,0,0,0.6323174180581389,1
907,Cellular Response To Transforming Growth Factor Beta Stimulus (GO:0071560),0.2140587201245348,4.26530612244898,6.5749903239841245,['SRC'],0.23317532026796073,0,0,0.6323174180581389,1
908,Negative Regulation Of Macromolecule Biosynthetic Process (GO:0010558),0.21800251374840374,4.176940879444562,6.362519703204576,['CDKN1A'],0.2369488268244476,0,0,0.6253454372280535,1
909,Positive Regulation Of Cold-Induced Thermogenesis (GO:0120162),0.21800251374840374,4.176940879444562,6.362519703204576,['GNAS'],0.2369488268244476,0,0,0.6253454372280535,1
910,Antimicrobial Humoral Response (GO:0019730),0.22192691156038513,4.092145949288806,6.1603458876211565,['CXCL2'],0.24094921826556098,0,0,0.6180744783833326,1
911,Hemopoiesis (GO:0030097),0.22388186624120487,4.051020408163265,6.062906014187368,['MELK'],0.24280492189496203,0,0,0.6147425139305641,1
912,Calcium Ion Homeostasis (GO:0055074),0.2258320069783284,4.010709234188725,5.967790506031058,['CD40'],0.2441159987905782,0,0,0.6124037570073246,1
913,Protein Catabolic Process (GO:0030163),0.2258320069783284,4.010709234188725,5.967790506031058,['HSPA8'],0.2441159987905782,0,0,0.6124037570073246,1
914,Regulation Of RNA Splicing (GO:0043484),0.2258320069783284,4.010709234188725,5.967790506031058,['HSPA1A'],0.2441159987905782,0,0,0.6124037570073246,1
915,Macroautophagy (GO:0016236),0.22971789307458146,3.932435109966317,5.78423168094792,['SRC'],0.24804511295922022,0,0,0.6054693251113735,1
916,Protein Modification By Small Protein Conjugation (GO:0032446),0.23081235350249882,2.2546040515653774,3.3055882286347833,"['USP7', 'PLK1']",0.24895480923631969,0,0,0.6038794797334827,2
917,Lysosomal Transport (GO:0007041),0.23165366154685363,3.8944270015698588,5.6956456810845415,['HSPA1A'],0.24958976838417815,0,0,0.6027732219758702,1
918,Ubiquitin-Dependent Protein Catabolic Process (GO:0006511),0.23358664487713565,2.2357305936073057,3.251204349094363,"['XBP1', 'KIF14']",0.25139826267822446,0,0,0.599637727890584,2
919,Regulation Of Cellular Response To Stress (GO:0080135),0.23551090700841826,3.8205621871390067,5.524525481436682,['DNAJB1'],0.25291823491773613,0,0,0.5970198577308824,1
920,Positive Regulation Of T Cell Activation (GO:0050870),0.23551090700841826,3.8205621871390067,5.524525481436682,['XBP1'],0.25291823491773613,0,0,0.5970198577308824,1
921,Positive Regulation Of Metabolic Process (GO:0009893),0.23743240698267418,3.7846652679763495,5.441865346754643,['GNAS'],0.2547049056448231,0,0,0.5939626903957883,1
922,Cell-Matrix Adhesion (GO:0007160),0.23934917373986106,3.749433106575964,5.361058744932435,['SRC'],0.25592747148807654,0,0,0.5918830940450871,1
923,Cellular Response To Salt (GO:1902075),0.23934917373986106,3.749433106575964,5.361058744932435,['EGR1'],0.25592747148807654,0,0,0.5918830940450871,1
924,Extracellular Structure Organization (GO:0043062),0.23934917373986106,3.749433106575964,5.361058744932435,['MMP1'],0.25592747148807654,0,0,0.5918830940450871,1
925,Adenylate Cyclase-Activating G Protein-Coupled Receptor Signaling Pathway (GO:0007189),0.24126121869049608,3.714847406852649,5.282048795926194,['GNAS'],0.25713709176505944,0,0,0.5898352722991925,1
926,Sensory Perception Of Chemical Stimulus (GO:0007606),0.24126121869049608,3.714847406852649,5.282048795926194,['GNAS'],0.25713709176505944,0,0,0.5898352722991925,1
927,External Encapsulating Structure Organization (GO:0045229),0.24126121869049608,3.714847406852649,5.282048795926194,['MMP1'],0.25713709176505944,0,0,0.5898352722991925,1
928,Negative Regulation Of Inflammatory Response (GO:0050728),0.24316855322710132,3.6808905380333954,5.20478084558139,['SRC'],0.2583339038584689,0,0,0.5878185930818248,1
929,Negative Regulation Of Transmembrane Receptor Protein Serine/Threonine Kinase Signaling Pathway (GO:0090101),0.24316855322710132,3.6808905380333954,5.20478084558139,['HSPA1A'],0.2583339038584689,0,0,0.5878185930818248,1
930,Regulation Of Transforming Growth Factor Beta Receptor Signaling Pathway (GO:0017015),0.24316855322710132,3.6808905380333954,5.20478084558139,['HSPA1A'],0.2583339038584689,0,0,0.5878185930818248,1
931,Protein Deubiquitination (GO:0016579),0.24507118869589983,3.647545504688362,5.129202360192396,['USP7'],0.26007554718748555,0,0,0.5849004791027428,1
932,Regulation Of Protein Ubiquitination (GO:0031396),0.2469691364760274,3.614795918367347,5.055262825364014,['HSPA1A'],0.26180848373209775,0,0,0.5820162845295738,1
933,Protein Modification By Small Protein Removal (GO:0070646),0.24886240785882746,3.582625970742279,4.982913653406146,['USP7'],0.2635327534453607,0,0,0.5791654003505441,1
934,Protein Maturation (GO:0051604),0.25451427641186886,3.4894440534834623,4.774949480472317,['CASP10'],0.26922923457700904,0,0,0.5698777835040669,1
935,Regulation Of Small GTPase Mediated Signal Transduction (GO:0051056),0.2563889548341396,3.4594453165881736,4.708511372057024,['SRC'],0.2709222324878395,0,0,0.5671553543223025,1
936,Fatty Acid Metabolic Process (GO:0006631),0.26384157776351647,3.3444088379153314,4.456111874258477,['XBP1'],0.2782022186022991,0,0,0.5556394109259492,1
937,Protein Localization To Nucleus (GO:0034504),0.26384157776351647,3.3444088379153314,4.456111874258477,['PLK1'],0.2782022186022991,0,0,0.5556394109259492,1
938,Regulation Of Cell Motility (GO:2000145),0.26569326637698776,3.3168283706925394,4.396166676729281,['KIF14'],0.27985602044825575,0,0,0.5530653458259244,1
939,Protein Dephosphorylation (GO:0006470),0.2675403902734135,3.2896963663514187,4.337414433160371,['DUSP6'],0.2815014969010996,0,0,0.55051929141953,1
940,Protein-Containing Complex Organization (GO:0043933),0.2712209880572274,3.236734693877551,4.223360488574632,['CD40'],0.2850705704261071,0,0,0.5450476152449395,1
941,Regulation Of Tumor Necrosis Factor Production (GO:0032680),0.2730544838638846,3.2108843537414966,4.167997377843627,['TLR4'],0.28638835462581524,0,0,0.5430446456678603,1
942,Regulation Of Anatomical Structure Morphogenesis (GO:0022603),0.2730544838638846,3.2108843537414966,4.167997377843627,['HMOX1'],0.28638835462581524,0,0,0.5430446456678603,1
943,Protein Targeting (GO:0006605),0.2767079241059198,3.1603954081632653,4.060453122404681,['TIMM9'],0.2896053273481449,0,0,0.5381934534672165,1
944,Regulation Of DNA Repair (GO:0006282),0.2767079241059198,3.1603954081632653,4.060453122404681,['PCNA'],0.2896053273481449,0,0,0.5381934534672165,1
945,Transmembrane Receptor Protein Serine/Threonine Kinase Signaling Pathway (GO:0007178),0.2785278903472666,3.135738016136687,4.008216604624779,['SRC'],0.29120164620433797,0,0,0.5358061742235635,1
946,Organelle Organization (GO:0006996),0.28096308265253905,1.9565304487179487,2.4838780072435296,"['MYC', 'DNAJA3']",0.2934371307195651,0,0,0.532484932597969,2
947,Negative Regulation Of Cell Motility (GO:2000146),0.28396090387727224,3.0640074211502784,3.857336278341556,['SERPINE1'],0.29625488176425024,0,0,0.5283344845065392,1
948,Regulation Of Protein Kinase B Signaling (GO:0051896),0.289353816496661,2.99546485260771,3.7146911242229477,['SRC'],0.301562838289769,0,0,0.5206221777892199,1
949,Protein Localization To Plasma Membrane (GO:0072659),0.2911425929329805,2.9732893157262907,3.668866926816198,['MAP7'],0.3031073570261167,0,0,0.5184035223025545,1
950,Intracellular Calcium Ion Homeostasis (GO:0006874),0.29470691822637646,2.929902395740905,3.579678317757992,['CD40'],0.30649519495543154,0,0,0.5135763296959711,1
951,Protein Ubiquitination (GO:0016567),0.2958334308716066,1.8825231481481481,2.2928354774768103,"['USP7', 'PLK1']",0.30734324889710546,0,0,0.5123763221524793,2
952,Protein Localization To Cell Periphery (GO:1990778),0.30002049698269956,2.8671298306556667,3.4517504575709377,['MAP7'],0.3113658098938101,0,0,0.5067290776691892,1
953,Negative Regulation Of Response To External Stimulus (GO:0032102),0.307044282279795,2.7874736101337088,3.291346538126983,['SERPINE1'],0.3183208298976259,0,0,0.49713494160642296,1
954,Skeletal System Development (GO:0001501),0.3122667490151626,2.7305570876999448,3.1780885451938787,['GNAS'],0.3233957526488267,0,0,0.49026568824313144,1
955,Neuron Development (GO:0048666),0.3139989845586295,2.712094233666621,3.141596466170354,['XBP1'],0.32484921125018423,0,0,0.48831818338563254,1
956,Peptidyl-Serine Phosphorylation (GO:0018105),0.3277037968552589,2.5728584427401535,2.8703970097526006,['PLK1'],0.33867296160355215,0,0,0.47021947443629164,1
957,Regulation Of Macromolecule Metabolic Process (GO:0060255),0.3344552195120095,2.5084294587400175,2.747363087126053,['MYC'],0.34528919213988024,0,0,0.4618170152429883,1
958,Adenylate Cyclase-Modulating G Protein-Coupled Receptor Signaling Pathway (GO:0007188),0.33613266608727643,2.492819349962207,2.717794694415788,['GNAS'],0.3466587412257089,0,0,0.4600978443092095,1
959,Peptidyl-Serine Modification (GO:0018209),0.34114018472714763,2.4471243042671613,2.6317886779390967,['PLK1'],0.35145620699731167,0,0,0.45412878229221953,1
960,Brain Development (GO:0007420),0.34611068164657255,2.4030612244897958,2.5496399471999527,['DDIT4'],0.3562055765279309,0,0,0.44829928578139133,1
961,Generation Of Neurons (GO:0048699),0.35104442503680444,2.360544217687075,2.4711180018684864,['DDIT4'],0.3609072756882027,0,0,0.44260436271913384,1
962,Positive Regulation Of Hydrolase Activity (GO:0051345),0.35756603735701764,2.306122448979592,2.3716975343886144,['CD40'],0.36684864476503987,0,0,0.43551308098378816,1
963,Extracellular Matrix Organization (GO:0030198),0.35756603735701764,2.306122448979592,2.3716975343886144,['MMP1'],0.36684864476503987,0,0,0.43551308098378816,1
964,Negative Regulation Of Cytokine Production (GO:0001818),0.3608027143922477,2.279833967485299,2.3241173885161555,['TLR4'],0.3697853545845858,0,0,0.4320502931472372,1
965,"RNA Splicing, Via Transesterification Reactions With Bulged Adenosine As Nucleophile (GO:0000377)",0.3640234091355428,2.2541329380914377,2.2778849681371156,['HSPA8'],0.3726996147418822,0,0,0.4286410561744167,1
966,Phosphate-Containing Compound Metabolic Process (GO:0006796),0.37041716031963706,2.204416192706591,2.189261819239239,['ALDOC'],0.37885316190041557,0,0,0.42152908378693627,1
967,Negative Regulation Of Macromolecule Metabolic Process (GO:0010605),0.3735903703808139,2.1803640375068944,2.146776288649915,['ID2'],0.3817035014852576,0,0,0.4182738561139062,1
968,Endocytosis (GO:0006897),0.37832081798382067,2.1452453321754232,2.085205747179162,['TLR4'],0.3861373638099327,0,0,0.4132581727054776,1
969,Protein Localization To Membrane (GO:0072657),0.38301625183987076,2.111229832247035,2.02610052252205,['MAP7'],0.3901237699152498,0,0,0.40879758768223157,1
970,Modification-Dependent Protein Catabolic Process (GO:0019941),0.38301625183987076,2.111229832247035,2.02610052252205,['XBP1'],0.3901237699152498,0,0,0.40879758768223157,1
971,Regulation Of Cell Differentiation (GO:0045595),0.38457365959084777,2.100127551020408,2.006923755847897,['ID2'],0.39130666907905004,0,0,0.40748275031156284,1
972,DNA-templated Transcription (GO:0006351),0.3938375225272607,2.03586889301175,1.897056906545971,['XBP1'],0.40032044470877937,0,0,0.3975922295364801,1
973,"mRNA Splicing, Via Spliceosome (GO:0000398)",0.4119571272853534,1.9183673469387754,1.7012772149636306,['HSPA8'],0.4183079565857442,0,0,0.37850387467727087,1
974,mRNA Processing (GO:0006397),0.41640343681233905,1.8910606496119575,1.6567595373915587,['HSPA8'],0.4219554826365036,0,0,0.37473336578039623,1
975,Regulation Of GTPase Activity (GO:0043087),0.41640343681233905,1.8910606496119575,1.6567595373915587,['CD40'],0.4219554826365036,0,0,0.37473336578039623,1
976,Chromatin Remodeling (GO:0006338),0.43672102955793235,1.7731727052054302,1.4690038367998461,['MYC'],0.44209055041315287,0,0,0.35448876794253964,1
977,Positive Regulation Of GTPase Activity (GO:0043547),0.4452148453049061,1.7269860733993168,1.3974742204290327,['CD40'],0.45022749965327247,0,0,0.3465679820522277,1
978,Regulation Of Autophagy (GO:0010506),0.45496573512751565,1.6760204081632653,1.3199216654930959,['RRAGA'],0.45961773650918764,0,0,0.33760322036791074,1
979,Cellular Component Assembly (GO:0022607),0.4805936590136502,1.5515719801434087,1.1368882239388218,['CD40'],0.48501178253880123,0,0,0.3142477108215958,1
980,Chromatin Organization (GO:0006325),0.4910275855522238,1.504471451501949,1.0700627976731167,['MYC'],0.4950359740057114,0,0,0.3053632399664521,1
981,Central Nervous System Development (GO:0007417),0.5100404581381273,1.4233608336951802,0.9582993544129655,['DDIT4'],0.5136798905611313,0,0,0.28930743561745703,1
982,DNA Metabolic Process (GO:0006259),0.5162220388029869,1.39820806371329,0.9245207565559944,['POLE2'],0.519376144946386,0,0,0.2845180014838967,1
983,Gene Expression (GO:0010467),0.5259539383992272,1.359737115185057,0.8736877155004001,['CASP10'],0.5286291873229262,0,0,0.27684886174281875,1
984,Supramolecular Fiber Organization (GO:0097435),0.5494520719577651,1.272108843537415,0.761781683906121,['KIF14'],0.5516856169657236,0,0,0.2583083384164574,1
985,Proteolysis (GO:0006508),0.5652176074653844,1.2171081198436822,0.6944143145067687,['MMP1'],0.5669390824119794,0,0,0.24646360352972968,1
986,Protein Localization (GO:0008104),0.5878572192841084,1.1428571428571428,0.6071670684764225,['RRAGA'],0.5890496274368145,0,0,0.2298481143571817,1
987,Nervous System Development (GO:0007399),0.6657095483227041,0.9220521541950113,0.3751846970919235,['CHAC1'],0.6663840260818963,0,0,0.17627542196686655,1
988,Regulation Of Nucleic Acid-Templated Transcription (GO:1903506),0.6815788881588838,0.8823476175392552,0.3382420279477241,['JADE2'],0.6815788881588838,0,0,0.16648387026321487,1
